x1,x2,y
-6.62427501657408,-9.432923064278638,0.0
-0.3189434406476741,-4.739206448591406,0.0
-0.04185183738166592,-10.9940287682087,0.0
-12.422629678564538,-0.7226520462583617,0.0
8.94668425689306,2.268332853148486,0.0
-2.7340463848255396,6.948322985603848,0.0
3.1645826728158877,-2.0587258948265235,0.0
-10.865966987638226,-5.106467229299468,0.0
-12.461966604063042,2.7781336089383704,0.0
-6.818365784832513,-9.408647701914566,0.0
-4.368698094814786,-10.490114481673928,0.0
9.352146188018112,-2.809742316364182,0.0
-0.9755713541532993,-4.791069182879468,0.0
9.209940782019986,1.3240931999629073,0.0
-8.769549215825068,10.181000325273619,0.0
-5.960191650516014,-1.0328642951640534,0.0
-8.670797505355761,-7.947410404568164,0.0
-3.1785930702287,6.774716774720968,0.0
-12.563714014498219,0.6207783515762507,0.0
6.591045801403736,-7.867954043620075,0.0
-12.23149708824526,3.824978226069434,0.0
-6.139101134303387,2.414492039532219,0.0
-2.8427793703613617,-4.355605655535037,0.0
-1.9463869840157524,7.370304094513798,0.0
-12.2551101083651,3.701020311825953,0.0
-8.125152512705174,-8.373895443131268,0.0
5.33561551235737,-8.9198219014492,0.0
6.144114488020004,6.180729666960188,0.0
-0.4118504264795578,0.25004632182300357,0.0
8.761248249490976,-4.678647629390833,0.0
3.091786258435801,0.20853125325859168,0.0
9.554006725712501,-0.5566121157403954,0.0
-7.5074847896039785,11.35617706387592,0.0
-6.250115152618352,0.4714293830001466,0.0
-10.34418099245085,-6.065864182363484,0.0
-2.8870235559999586,-4.3206401519526745,0.0
-3.868811879862178,6.140351088602058,0.0
7.188547155308709,5.277498281051807,0.0
3.5531308497889977,-10.016589874931976,0.0
-9.311336163640139,-7.231350802618013,0.0
-6.094660450220589,2.546428185853101,0.0
-3.670623171304409,6.398371116158566,0.0
8.335542566058672,-5.526719985181234,0.0
1.6483359598893408,1.7356546101897437,0.0
2.7745065684544246,0.8708332924714701,0.0
-3.420947410250368,6.595318094749513,0.0
-6.288425575694423,0.22236902275509637,0.0
-12.33480877089402,3.396344687145695,0.0
6.614028618772175,-7.966485512420547,0.0
-4.234285895310985,-3.5591959195719287,0.0
-6.014356664911995,-0.8794778686004147,0.0
5.822007250538251,6.387296207569038,0.0
9.494400916888488,-1.7315167190854004,0.0
2.2584548137864244,-3.468562015418155,0.0
-6.481279917407895,-9.482181242425183,0.0
-0.4581391364719721,-4.7019279420003075,0.0
2.2540293383319425,1.3969402307643473,0.0
-12.495065813555847,2.2993699735157063,0.0
8.356526774188781,3.6243770694603477,0.0
-6.359250570656037,1.0792681337317473,0.0
1.0305378973032198,-4.360477815567401,0.0
0.8517486441852635,1.9037613358126273,0.0
2.598815855306876,7.849432888149197,0.0
-12.540290290853283,0.06294689470883166,0.0
7.34586888738143,4.932990696969517,0.0
-12.080694619154439,4.462204708441526,0.0
-1.9438829586632735,-4.677807293477559,0.0
-4.813020864845852,-10.311881027036888,0.0
-3.915092098653478,-3.817820456691221,0.0
8.582855835087413,3.1245943028799545,0.0
-12.504909323802686,1.8311869586679617,0.0
-8.678880673660606,-7.989910991568839,0.0
5.925745486403104,-8.522012974529362,0.0
-5.100589433847756,-2.685156857563811,0.0
-11.093540928945568,6.959721685386226,0.0
9.449859791066137,0.36764639284333817,0.0
8.15421292775413,4.012977177731294,0.0
7.179290313920888,-7.302206631090773,0.0
-0.4896420135780039,-4.710880895633595,0.0
6.019151549840679,-8.395363548379136,0.0
-11.743219216959423,5.531177982445968,0.0
-12.432856044633528,-0.39222686236150106,0.0
-12.223588872705927,4.021296302601566,0.0
2.717844764723252,-2.8892317082214953,0.0
8.922400764217272,2.3100071744982866,0.0
1.0457615927535877,1.8581625646398188,0.0
8.536097130357767,-5.161344186597728,0.0
-3.035154145357891,6.810992309474813,0.0
-7.09691232816351,11.579071093918083,0.0
-5.408932563504908,-2.149808656192982,0.0
-1.4859302160286392,7.542597683507666,0.0
-7.211287509734975,-9.045830788757051,0.0
9.325647636328785,1.131197282369755,0.0
-8.327036753078005,-8.276868591795907,0.0
8.381497587988319,-5.478764142644769,0.0
-8.312312192501095,10.645728316362563,0.0
0.1281434112488489,1.7057242336195055,0.0
-5.670275313169404,3.7489130237854726,0.0
-10.52517598122826,8.015054796704264,0.0
-11.903537254989029,-2.9626367462164747,0.0
-0.25204819765487324,-10.92328410690224,0.0
3.3334140922864615,-0.5598597957097938,0.0
4.630310621119052,7.063067492551175,0.0
-10.47860808641635,8.016648046362485,0.0
-4.326523489301987,-3.435307522150407,0.0
-9.487381649214056,9.348439400683716,0.0
-5.896074484481226,-1.29902372641579,0.0
-2.014730505548936,-10.901061571880097,0.0
-6.20762120610859,2.203735592848032,0.0
-3.033032302386429,-10.808118650973938,0.0
0.7815128250734797,-4.428570068016584,0.0
-5.157304607013271,-2.47576807560593,0.0
8.720156743195975,-4.659841011081908,0.0
-0.2690938417817374,1.3301701770396603,0.0
-5.101853843157839,-2.666155440166691,0.0
-9.171668373750064,-7.500908648646352,0.0
6.596037957448719,5.782494241503838,0.0
-0.6982877363722633,7.737236338703669,0.0
6.929552404755004,5.417771416222323,0.0
-7.406436495600417,-8.924361502183787,0.0
7.575850431794025,4.645234854730897,0.0
-11.788450261556045,5.414285123495834,0.0
3.292875738362384,-1.0388415659547166,0.0
2.0753749608248127,-3.597269562227626,0.0
-2.436608719235287,-4.483457551102245,0.0
-0.5289757538682135,-4.747254830507308,0.0
-10.041414381512975,8.66581235343244,0.0
-1.9023755020394717,-10.958803954402018,0.0
-2.9849988066581075,6.814626240432276,0.0
-9.584842953359653,-7.079321579380353,0.0
-6.2932535168363115,1.262245705886736,0.0
-12.553965897971782,0.5625588553177827,0.0
-11.911152400557802,-2.979148974300155,0.0
1.994571815306981,-10.631997964815689,0.0
-2.7942720830077317,-10.824733182850379,0.0
9.29158754088407,-3.1695989616602622,0.0
9.540295171713323,-0.8642217961986203,0.0
9.404896020118821,0.7447167026739213,0.0
-12.522143315179541,-0.1500092062081942,0.0
-6.119177317792206,2.7072339823202616,0.0
-10.680375772290514,7.651769761794269,0.0
0.91272762999421,-4.3335213442936285,0.0
-11.549796172203111,-3.792434624472851,0.0
-5.5310373189302195,4.105230880387018,0.0
6.358760135649654,6.00781371758547,0.0
-4.6851609072696325,-10.38308092816086,0.0
-7.8163018455298445,10.997702774059245,0.0
0.981111281477944,-10.821662073674068,0.0
-12.191331937260623,-2.0966564160417747,0.0
-6.170323501234304,2.2031281163821212,0.0
1.3129209723734239,-10.761830798840885,0.0
-10.609853827594556,-5.578850366989801,0.0
0.5572876763361944,1.8547152725699534,0.0
-4.170271905820737,-10.49910591743894,0.0
2.0981850125338393,7.935089295201667,0.0
7.0119512467620435,-7.44518444487709,0.0
8.67913130049192,-4.891934802843529,0.0
-1.2668555930094942,-4.753110726543809,0.0
-11.66851722866862,-3.4859735834588625,0.0
-6.2983030485807285,1.776452744699679,0.0
1.0393395540412127,-4.3827760205366255,0.0
0.579702588925606,-4.475316442343954,0.0
-1.7349590059862519,-10.91803073215105,0.0
0.8657082588300437,-4.411991667623574,0.0
8.535381536004644,3.259596011196027,0.0
-0.17710055150323464,7.845975249791374,0.0
-6.144721808268142,-9.732792841604146,0.0
2.8026362988874918,-10.370660300926627,0.0
0.7474832555324354,1.8507101300046236,0.0
9.348224542832236,0.8972622445172334,0.0
-11.394747135090704,-4.118045069682334,0.0
-4.672401021101464,-3.125079619007864,0.0
-12.427145612920738,2.6532599425265366,0.0
-12.508874349057288,0.21669709828581085,0.0
-0.7785590247385598,7.778540741427351,0.0
5.133032108283418,-9.112554801337748,0.0
9.26222552509628,1.2312618812622431,0.0
7.833769658955284,-6.347657831467219,0.0
-0.22709122312599694,7.867829283999607,0.0
9.516424905104003,-1.8337560717578418,0.0
0.16251733913103517,1.6972395885349663,0.0
1.0015277977089725,-4.334910530035359,0.0
-9.341022935955415,9.521059506301402,0.0
-12.250597960654638,-1.5846753593853393,0.0
7.166124127412228,5.244679914124401,0.0
-12.354922612844295,-1.246686926269261,0.0
-4.8846003654075085,-2.8827292836336134,0.0
-6.297481403299558,0.6847677586325208,0.0
-9.826011224602249,-6.655718003374598,0.0
9.45482370432559,-2.313257333746576,0.0
6.880090910447805,-7.607819536142301,0.0
-12.5699777571066,1.0191629931702686,0.0
9.198903681172023,-3.4363602039279595,0.0
-5.565419136075271,-1.9583649218641102,0.0
-11.53507079096963,-3.9947701918981,0.0
3.199059182720521,0.08908628964517888,0.0
-4.922067998237182,-2.771310765958919,0.0
8.326469345973589,3.542661456424931,0.0
-9.584740164694475,9.317952169565398,0.0
-9.644343646118632,-6.990608943410934,0.0
-7.753336600438072,-8.669178815995238,0.0
-12.330922392536353,3.1836034213194604,0.0
5.609656661936106,6.539975614760968,0.0
0.44731608842964143,7.949515107565445,0.0
-2.0639239929795834,-4.6770567268781535,0.0
3.2693341766154584,-0.26857594716254185,0.0
-12.406257166874921,-0.6487985533349276,0.0
3.3246842138108597,-0.9968233428382702,0.0
8.199133997766607,3.9041350104544796,0.0
9.48344215125993,-0.33680713289494757,0.0
7.381263455149847,-7.0446526760722445,0.0
4.914139623411703,-9.217799935756975,0.0
-10.73833478582803,7.525747319634621,0.0
-11.865293055885461,5.300763797264192,0.0
9.483443740999778,-1.8819748104639469,0.0
-7.274789513503541,11.505566596550917,0.0
4.627097577785758,7.1464573890324194,0.0
-8.44663783864183,-8.115750966552914,0.0
6.310738143675234,6.069993561784666,0.0
-10.151041594929174,8.486248254365671,0.0
-7.617860784225374,-8.816504546603111,0.0
-1.8521897166427566,-4.671839916652739,0.0
9.466288645516768,-1.8302508602109784,0.0
0.7547338297415682,7.969558055805322,0.0
1.3571000648044684,-4.141856694533186,0.0
1.8401487075286969,1.6595272759076822,0.0
-0.10087170282918034,7.855392263220469,0.0
-4.690715280480023,-10.296320513979175,0.0
3.1408719746239733,-10.20333283578661,0.0
-2.2622507051223733,7.213670929424805,0.0
2.271092277649297,-10.504171901488732,0.0
9.499737570186783,-0.9653839019365729,0.0
5.10786067474848,6.852543902555649,0.0
2.2940424335081873,-3.3484785640612675,0.0
1.923462146547204,-10.56956036999636,0.0
6.408109419904251,5.981049928727884,0.0
1.4444637675401735,7.936456160271174,0.0
-6.184042077648374,2.002637041194503,0.0
-2.4683997290657165,7.086279569320551,0.0
-2.4233879237146168,-10.877097640388335,0.0
-11.96164414928511,-2.9195889629689913,0.0
-5.895087407735546,-1.1147182791996666,0.0
-2.758929499630931,6.993501039245035,0.0
9.263515980780548,-3.227742037490637,0.0
7.350690981266137,4.9577147948550975,0.0
-11.637126095233741,-3.6606885722198785,0.0
0.583770881066201,-4.550118719371311,0.0
8.57032600004116,3.2441371920923396,0.0
-5.497601415702724,-2.140465156061437,0.0
-3.9195750418295905,-3.7557826306382154,0.0
1.485140093332005,-10.697143277186072,0.0
-0.4822799472426089,0.6048150587980187,0.0
-7.60470299406116,11.206240796045009,0.0
-8.160161253821034,10.742324567134464,0.0
-11.59818796370063,5.94549258250763,0.0
-10.03429112894048,8.662910539309973,0.0
-9.123173685084005,-7.446191112913387,0.0
-11.247229049898815,-4.549236114093542,0.0
7.079312780370128,-7.41863490945604,0.0
3.6089840944061886,7.542747877863609,0.0
-5.340816093821781,-10.047806739824479,0.0
1.7778705527895347,7.901901745475218,0.0
7.795705736567236,4.438617376047371,0.0
4.304521910254412,-9.601998372792696,0.0
1.3195312513031494,1.7868275756219751,0.0
9.004618866708409,2.0835823533158275,0.0
7.346931267335069,-7.060091276808986,0.0
6.897557015744518,5.503096860820118,0.0
-6.208962615373631,0.05092757035097933,0.0
-10.500740323342312,-5.8375960058971605,0.0
-6.235171718445864,1.828073660644777,0.0
-2.3570373273342917,-4.532776584424764,0.0
-5.958318376115278,-9.779904920779268,0.0
-1.7830650731044897,7.3886178278209975,0.0
-12.094684509385926,-2.297109356174528,0.0
9.525212243082661,-1.1523455627936057,0.0
-12.389405585003018,-1.2841229341938767,0.0
-1.7347841612576294,-10.92105230203925,0.0
3.2635197097593758,7.675369469814843,0.0
0.12940817763068907,-10.923130649082264,0.0
-7.541550562792037,11.284800276871271,0.0
0.052225016912020764,-4.69876204480015,0.0
-4.868200304563387,-2.926469597982874,0.0
8.147809573580584,3.9824979548918233,0.0
9.459041331603414,-2.389181491492328,0.0
-9.152328109912538,9.784090669232056,0.0
3.7839765805394383,-9.916485464403715,0.0
-12.346493070840326,-0.991739343040874,0.0
-6.725246085814786,-9.404566274048193,0.0
-9.683881166471364,9.14356220960915,0.0
-11.432828137497546,-4.191079158975605,0.0
-3.8607527152102095,-10.634563137706945,0.0
-1.0533614113020642,7.69777598656674,0.0
-11.649233885597784,5.731827212287283,0.0
-11.303604831905146,-4.286158973747634,0.0
2.905146578627072,-2.7121251072704418,0.0
2.934174623798604,-10.231090791283718,0.0
-1.6282658786435422,-4.709070973310789,0.0
-11.041602547326642,-4.997121681383723,0.0
7.711570853693427,-6.639301918398254,0.0
3.041518149969691,0.33891210384324166,0.0
-12.234889020794784,-1.9557315890942748,0.0
1.1902327661275984,7.955398975840493,0.0
-5.465049915055487,4.34059651180898,0.0
8.612080454698587,-4.971784558976643,0.0
-11.494769337207222,-3.923988257128472,0.0
7.601494750498151,4.709647291746516,0.0
-6.233249932881756,-9.687405959991366,0.0
2.8953065439702703,0.5779517724303731,0.0
3.2792478862982297,-1.2447415783837705,0.0
8.201534053621728,3.8245497123945698,0.0
-3.617511597287057,-10.666183343418233,0.0
-3.6541817648183863,6.344145588219018,0.0
-3.927342883858968,-10.542271777221142,0.0
-5.974295104214378,3.0921718867777486,0.0
-4.9753655157530385,5.077991880953666,0.0
7.2509075821404485,5.110710074540867,0.0
6.269842766879713,6.121441376512602,0.0
-1.3875547210546875,7.597551313386495,0.0
3.230378182536735,-10.11642733565152,0.0
-1.2144943945145712,-11.026156071877192,0.0
-4.763781543731197,-3.0615844283979707,0.0
8.66400621460656,2.9924201488420166,0.0
-9.532998947053233,-7.071416829706068,0.0
6.583331678415534,-7.890154618049283,0.0
-10.100469026174595,8.561438102624466,0.0
6.748612819639757,-7.7555447470273275,0.0
8.863055320405294,2.5571176868551766,0.0
8.31558775517404,-5.586086450884231,0.0
-6.579221313365839,-9.453871452068464,0.0
-4.432899535706653,-10.437096234038462,0.0
5.012191610475865,-9.260386189578657,0.0
0.19829836640320914,1.669835255654971,0.0
0.3300592957382965,1.75482615288302,0.0
-10.215196343189417,8.404426224383343,0.0
0.22024087267676457,-4.6423064447759534,0.0
8.583428024117836,-5.079032762597381,0.0
-5.642338852869223,4.033414143228985,0.0
3.0267868077350317,0.5956800308844816,0.0
2.8327918362426026,7.804444513675027,0.0
-7.860122961262817,-8.576494545407462,0.0
-6.208659964220521,2.1816428643949237,0.0
-2.477413016322647,-4.457574498744297,0.0
1.9834889226520782,-3.7513934816093966,0.0
-2.364217282443966,-4.510449914019379,0.0
9.070256248350017,-3.9525461499280343,0.0
-4.7753859984835865,-3.0622272027147672,0.0
6.966812736945949,-7.54094296264499,0.0
1.5826943308478572,7.9217265007991635,0.0
-2.5243171151456987,-4.536032110204215,0.0
2.998732720446584,-2.4197803099096813,0.0
-12.198265291692573,4.113571592361386,0.0
8.483562919964704,3.4116227430051156,0.0
-0.46094869455671605,7.783592513245459,0.0
4.209493368951733,-9.728375175331896,0.0
9.414873859706779,-2.647346074929087,0.0
-5.12781279280877,-10.122867863267702,0.0
-6.2771922946071514,1.294461973906927,0.0
6.491360971335897,-7.964069260430824,0.0
-0.4703816574660319,0.6864379399786387,0.0
-6.89265479459803,-9.290870823547301,0.0
6.393333965193652,-8.07190777985767,0.0
3.2103417370984557,7.629361029394087,0.0
-1.7113942454285231,7.4731938787071535,0.0
2.281198327553129,7.883001880446459,0.0
-1.4182220882147027,7.590314962645645,0.0
4.367480714158194,7.206120533770118,0.0
-11.105784032207534,6.848032220943739,0.0
4.811293689437579,-9.360469646923335,0.0
-0.4365093849444956,1.0630380905106145,0.0
-6.0379722581107655,-0.6506443751562204,0.0
9.151640948389003,-3.8077994966494084,0.0
-6.9244538685041634,11.714307785179525,0.0
-4.896402154730888,5.190459819096622,0.0
8.23766967847188,-5.689126786105983,0.0
1.5277378631767404,7.946136089861047,0.0
-2.4741463791427574,-10.88761242805476,0.0
-9.721154776202416,-6.811295698266628,0.0
-12.216546879087643,4.076684919659032,0.0
-11.008479711792166,7.095845298626045,0.0
6.194507775317022,6.14110546691909,0.0
0.5582343942170519,-10.877373878022722,0.0
-0.7657395445446938,-10.983427946515034,0.0
-9.844746262485764,8.986292089093666,0.0
-9.260437018609014,-7.345417035081097,0.0
-4.910818350828189,5.104414779081632,0.0
8.20168686874332,-5.838321991697564,0.0
-11.688729568655864,-3.540618061271095,0.0
8.792083679864954,-4.696166375424884,0.0
6.450187316410284,-8.138344125812079,0.0
4.295208895862273,-9.613284263603335,0.0
-3.624040935448697,-10.669129841086761,0.0
8.70592731270855,2.8337999049636777,0.0
-10.141452344292814,8.511103593372056,0.0
-0.7707407353102405,7.718667648399856,0.0
-10.416280961548912,8.209340546034623,0.0
-5.172838387373755,-2.5881737404998595,0.0
0.2916948218003702,7.94145373874337,0.0
-4.595417593807283,5.481825657732676,0.0
-5.742298748322977,3.833437358120288,0.0
0.6686771959511405,1.8614366248994958,0.0
-9.281339343024497,9.684795824797705,0.0
9.20381384838746,1.4939494121251244,0.0
-0.7444707485522241,-4.740832750711843,0.0
2.3111439231039754,-3.4330709960240533,0.0
7.030852606727124,5.360835047934159,0.0
1.485797099935862,-10.757158594065514,0.0
-0.6559134862555621,7.799538404378395,0.0
-11.478888269293817,6.236779112112712,0.0
-3.4651610415304526,6.585561593469843,0.0
3.2683703003043894,-1.4202313909044828,0.0
-5.146410331756432,-10.212533480012508,0.0
-11.934441082267139,5.0599561662740395,0.0
-11.598397624872137,5.931594489463643,0.0
4.685061283848856,-9.468106325824278,0.0
9.209997940702232,1.4504773112139087,0.0
-4.1623036700143965,-3.5681722776210667,0.0
5.6561694522124,-8.715826522656089,0.0
8.590594087596799,3.022046844403055,0.0
6.061081760444353,6.208289219866851,0.0
9.496203512020772,-1.995272788240237,0.0
9.159497488361245,-3.452275592107007,0.0
8.51544543805348,3.1853589408913026,0.0
-2.978916083422983,6.906598214948789,0.0
-12.04451371865438,-2.481617534295572,0.0
-11.889794089821427,5.158777638220821,0.0
-2.131846923701042,7.326763489010512,0.0
1.9673047895449318,-10.622313455668447,0.0
1.5820600018191675,7.995131237047658,0.0
-8.022622593737065,10.88703225742255,0.0
1.0962606801383719,1.8366843172755034,0.0
3.985829039214779,7.455673446682075,0.0
3.174447851405616,0.24462784593463557,0.0
-1.7585309880074824,-10.951674962861228,0.0
7.424126903610355,4.915307028519244,0.0
-12.183331382242695,-2.0984463260585002,0.0
0.03760507118941479,-10.920669185773155,0.0
-3.516724474309056,-4.06809280027031,0.0
-0.3043586232240375,0.18452730320590247,0.0
1.09473266864408,-4.328577947075259,0.0
-6.271255809812537,0.9126081947270733,0.0
9.286839373844295,1.2842932711511548,0.0
-9.086154114226408,9.839030449013697,0.0
2.5556517686510087,1.1507035383955546,0.0
-12.472336652419356,-0.09519316730388486,0.0
8.359823673503632,-5.605828021650716,0.0
-0.8502408903542532,7.699467664578132,0.0
8.57255371680762,-5.075599484518262,0.0
-6.137600615361572,-0.5214018905185421,0.0
8.993238908771106,2.2363199207651387,0.0
-11.581154136604592,6.037064686633071,0.0
-10.20226136831044,-6.130470489136495,0.0
-7.39853069823854,11.392883025851043,0.0
-2.9006828051370674,-10.82324648672904,0.0
-9.067599392623006,-7.539588242350058,0.0
1.4169203791700744,-4.163897955971009,0.0
9.478651238993502,-0.30818262556905895,0.0
-5.810773642513526,-1.4196780782161924,0.0
1.7682093516118267,1.6807595534887234,0.0
-5.6686917343117145,-9.907098963302612,0.0
-12.336428136392419,3.3956136521736693,0.0
-5.501714113816914,-2.0073257916741616,0.0
-9.616777533496945,-6.9679651535516465,0.0
-12.20946190046249,-1.835278762529742,0.0
-5.64999732231343,-9.969461169965768,0.0
9.00499634942178,-4.08555056387587,0.0
-11.808606667407066,5.447259737838282,0.0
8.3987445743845,-5.518053964952913,0.0
8.613720022375755,-4.893191139090389,0.0
7.1174131803426475,5.305621492338782,0.0
-3.820873653085803,-3.79461435043118,0.0
6.995590477456925,-7.408924067966106,0.0
-1.8757546004262784,-4.7174244407670525,0.0
-2.3789952161607637,7.151679597474867,0.0
7.382703027545589,-7.000840733774665,0.0
-5.6113608454670665,4.0761113642914415,0.0
-0.37226538056629666,-4.761617142791136,0.0
8.975771041926846,2.1731692039498314,0.0
-7.6562325259971935,11.132427413139355,0.0
-5.996027923109925,-0.7767781902475366,0.0
-4.421543532765072,5.7385713567616845,0.0
-6.746395387346914,-9.345756535121998,0.0
-5.153169331110366,4.73188836217122,0.0
2.760876043152554,0.9112909335280225,0.0
-4.759432337306317,-10.350041457211498,0.0
-7.853627396034394,10.987588708597107,0.0
-0.28474126169732183,7.820321593929613,0.0
9.0921864485913,1.9875279719315329,0.0
-3.5047220584232344,-10.707895983921592,0.0
-1.8260141509018066,-4.701566551670593,0.0
-5.432154902639608,-2.065423639543144,0.0
-11.20170889138573,6.681173284834421,0.0
0.5017137048526924,7.912321969092094,0.0
-0.4880909449241101,7.8297419895346305,0.0
-5.822909275516202,-1.482772644986004,0.0
0.9276568300392717,7.938195643177053,0.0
6.678973238161552,-7.8375803302587155,0.0
-11.591858861877952,6.027335218522396,0.0
-11.84383618389835,5.121774569000798,0.0
-0.13067131479676516,-10.987305512680088,0.0
7.3238664756258505,4.995758084326129,0.0
-6.167430803612041,2.466191021845635,0.0
-0.21204292589434848,-4.691377273075246,0.0
9.546426117007961,-0.8942277457701547,0.0
-9.945404342725487,-6.496056311471199,0.0
9.0624962331397,-3.9763968632121567,0.0
2.9883583399128453,-2.51559761959371,0.0
-0.27655718268528406,0.24705892122143747,0.0
8.079622329004092,4.094214340151622,0.0
-9.288556624584682,-7.3195096787921905,0.0
-11.599290685442782,5.807815914786428,0.0
-6.506282912134065,-9.568093061405976,0.0
-12.262807813620935,3.481897239173567,0.0
5.567372228184845,6.576439834852095,0.0
9.014700174903309,-3.983977223785035,0.0
-12.537600930952303,-0.024708954894029883,0.0
-8.472474191578293,10.435810174195918,0.0
-10.071513382151752,8.638397962569577,0.0
3.1601586144810296,-1.9813238080012798,0.0
-2.667991735966573,-10.82410295687493,0.0
3.2431489626542533,-1.5193655709349743,0.0
-9.222271164056528,-7.454919171671364,0.0
8.03454019784444,-6.019982650887043,0.0
-9.454703604783223,-7.122890590417474,0.0
8.449421389437735,-5.4574838914406785,0.0
3.8016737432711376,7.450280300181035,0.0
-11.96448034301454,-2.6921561192716297,0.0
2.484564833329602,7.872881710309831,0.0
-2.597729428823947,-10.867236838467658,0.0
-3.4529849459271564,-4.1373565017690215,0.0
-4.527621807260964,5.524858030663294,0.0
-12.568127621642793,0.22473985631636162,0.0
-10.381388415129427,-6.008611649841684,0.0
-6.264314234843866,0.18667646805869592,0.0
-0.45346004039937315,-4.697450291163457,0.0
0.06810569761444324,7.922845953007524,0.0
1.741252706035929,7.889455812727262,0.0
5.626612080450154,6.554942725763626,0.0
4.332526635077287,-9.56628114041946,0.0
-6.0697446268429225,2.8023846267711576,0.0
-7.3001415050377325,-8.984810407253338,0.0
-0.685582467284632,7.801361922607953,0.0
-11.340776389618329,-4.354497380110593,0.0
9.230843335340909,1.4443900106920107,0.0
-6.040820248515452,-0.9044792003445827,0.0
-1.8337555163920385,-4.711192605972275,0.0
-12.549122425327306,1.491817491768965,0.0
8.231132039893739,-5.704161786230066,0.0
0.03629122495416268,1.5940378125521573,0.0
-5.74497852398634,3.587429958401505,0.0
8.469111464991883,3.4230668581842676,0.0
2.354492846159571,-10.448135368987167,0.0
8.195916292036083,3.8466317022477416,0.0
9.34307298608296,0.67920533871817,0.0
1.0942984957418525,-4.299716181452028,0.0
9.51378729753177,-0.4419086812603978,0.0
-12.03848970129551,-2.381318184776955,0.0
-6.058017618094609,2.9083127282632977,0.0
-7.454730574257814,-8.952887388742182,0.0
1.213067673797366,-4.233247319464639,0.0
1.8144335792044668,1.6240103323642578,0.0
7.552351914104214,-6.804471283770506,0.0
4.8644771820465245,7.031599137725708,0.0
-7.44925891309923,11.33599860491167,0.0
-2.3214305877564327,7.215460974567293,0.0
-5.653013417301908,3.8287648765014595,0.0
9.24956106539528,1.43606801114855,0.0
5.312627850279761,-9.030272534217419,0.0
-10.495435888560857,8.050632991774723,0.0
-6.19928662152077,0.07786273274394645,0.0
-7.333523997717574,-9.007984474154204,0.0
1.829473701868832,1.7193037642234457,0.0
-1.5291775078566503,-10.96317213870218,0.0
8.90224662970694,-4.391831905510994,0.0
-6.251182244745045,-9.629625455069343,0.0
-12.039375472174394,4.557629051618037,0.0
-5.192454770569975,-2.5389449935736006,0.0
1.3352212553765288,1.8532837471911126,0.0
3.1107824887481845,7.742926265991306,0.0
-6.265547956044142,-0.09349027293176053,0.0
-4.002111596412244,6.016767600908704,0.0
-5.307472481708541,-2.245502096581487,0.0
-2.985995951491555,-10.84018911664974,0.0
2.945538608206748,-2.5545645369376113,0.0
7.2889427249207905,-7.087494700710668,0.0
-5.104282865698312,-2.707055376411703,0.0
-6.515266000615191,-9.447909694845984,0.0
1.1554446952672903,7.99801937355546,0.0
7.4919666760511925,4.848366136483411,0.0
-5.516332320715594,-1.9181931745424834,0.0
-5.2601576170972955,4.5805091994285165,0.0
3.1396277402926906,-10.253487965084592,0.0
0.4687923584879625,-4.550482431093921,0.0
9.22949174791672,-3.2063303838018244,0.0
-10.836835105750591,-5.24658727108093,0.0
-7.1540840295913375,-9.158097253049927,0.0
-1.1289475889701723,-11.012343936480784,0.0
3.1817332369108615,-0.0685876891518029,0.0
-11.436360094643197,6.186762747841193,0.0
-8.082916504547178,10.808179877052106,0.0
-12.369655481003136,2.878880691364499,0.0
8.708982526555058,2.8472560941019647,0.0
3.818375745702725,7.5103637059584605,0.0
-12.50234844548515,0.33695589055939656,0.0
-0.491301720851603,0.7748244883384208,0.0
7.394101167944649,-7.052050125633462,0.0
-4.0659733843359165,-3.6464123559904866,0.0
7.195803513598322,5.22962944141745,0.0
5.676589924799908,-8.692630141596236,0.0
-11.859336607548865,5.135645446789988,0.0
-1.484254437970497,-11.003456882344294,0.0
9.55812877770246,-1.1458730269490895,0.0
-8.056817760626604,10.853196077859964,0.0
6.201761580739413,6.051618280245784,0.0
2.0296449071611313,-10.55659237863749,0.0
-5.919017844227333,-1.1197691471574824,0.0
7.566320752503308,4.748467411613742,0.0
3.4699764189578453,-10.053986782478654,0.0
1.8621795771296838,-3.7523249103164744,0.0
-2.75314599072073,-10.872196567561346,0.0
0.5312928263380089,-4.510112611375787,0.0
8.847313177204388,2.4420253351990167,0.0
6.706613243661547,5.747832972768338,0.0
5.584953079032049,-8.82591717941954,0.0
-3.07493354012451,-10.73624188640465,0.0
-10.667427599665865,7.6996697468448385,0.0
1.7264205554616407,-10.691085113825762,0.0
-10.490333086466576,8.137919651584435,0.0
-8.599992222224344,10.302938059491336,0.0
-11.863737759058596,5.259532032254097,0.0
-6.120063696511429,2.520849831001794,0.0
-9.875435243583135,8.898804377951748,0.0
3.208790200041279,-1.9020943374752548,0.0
-12.56011154745602,1.3266675542025428,0.0
-8.76998047066897,10.221198193237306,0.0
-4.511626538548904,-10.41241189876153,0.0
-4.474543751852266,-3.351883109243544,0.0
7.985541467060609,4.163373453335031,0.0
3.357059104424075,-0.8856110990148282,0.0
-12.484557832326207,2.7410243307246294,0.0
-12.541557579950354,-0.17955270474941662,0.0
-0.3500622047849135,1.2036501399272863,0.0
-10.625642803447343,7.884045722699728,0.0
3.224886555055163,-10.150740026823597,0.0
-4.9317365366453005,-10.300504223234093,0.0
3.096853228874595,7.739416141081201,0.0
4.834545481323804,-9.30901726758203,0.0
9.221513597297823,1.4740527689297376,0.0
-11.661694591433987,-3.5913646322203676,0.0
-2.5438376773688436,7.023652195360233,0.0
-5.784202455755235,-1.477133069632921,0.0
9.409149753687474,-2.289658360229931,0.0
-7.455506371181824,11.317847734798935,0.0
1.3260474210677415,-10.732100942110247,0.0
-6.248468964900844,0.3426208620637692,0.0
2.889387487326601,-10.255430931241346,0.0
-9.70678782705055,9.164797953534368,0.0
-1.347470825652979,-4.7873049807260495,0.0
7.686018066568859,-6.616856126710486,0.0
-6.357027527812465,1.1479629927849682,0.0
1.9768319027201855,-10.628794837372428,0.0
-4.8683658084765895,-10.312133022349466,0.0
-7.391313128469399,-8.954742017569766,0.0
-1.2981337550650947,-4.739218024222301,0.0
7.662159488395068,4.6600930859774925,0.0
6.672835070393072,5.764986299310954,0.0
3.05297672272637,-10.197444837843681,0.0
-7.875461071740405,11.040640339395544,0.0
-0.9272717646057248,-11.028819787733042,0.0
8.600321524729111,3.135805592100521,0.0
-4.158480432553716,5.863603934782424,0.0
-3.405237558710764,-10.703890380487827,0.0
-3.2086906800062183,6.697419388767814,0.0
-12.451084018661422,-0.7904554820178312,0.0
-4.563462185659523,5.577944758166158,0.0
-6.295315610664656,1.6806381460272553,0.0
-1.1860967064574444,-11.02918182775318,0.0
2.080754468320912,-10.570185268446279,0.0
6.800170241977741,5.591648452126118,0.0
-12.47087450993464,-0.4880473995927403,0.0
8.013760412609047,-6.079614502518025,0.0
-2.88978347310812,-10.78861841643459,0.0
-5.817235951892133,-1.361362967449516,0.0
1.6284760641223106,-4.012846057488449,0.0
9.188857523366039,1.529763521848756,0.0
3.945178542142557,7.406330728512521,0.0
-12.441940679738089,3.0102957026498407,0.0
-12.465814745722277,-0.2186412806297361,0.0
4.024271607592727,7.441591902088305,0.0
7.838631542852383,-6.505825222632051,0.0
-7.804328413098375,-8.661387970510544,0.0
6.491902841994272,-8.060900065643636,0.0
1.3382543434245746,7.919095903766289,0.0
-1.158506468135484,-10.959389142960998,0.0
-2.9295282151533817,6.891265152205098,0.0
3.1727668328348266,7.687652931252295,0.0
7.679347161480677,-6.591174670289968,0.0
-5.0669900164856605,4.931842254881318,0.0
-5.089713692682245,-2.5685180229978184,0.0
-6.089581172808313,-9.70064593669785,0.0
-3.8016668996384535,-3.8862954942010566,0.0
8.55203132130912,3.154679136292863,0.0
0.5167662099530308,-10.94664331302359,0.0
-5.193298822599284,-10.122523255226376,0.0
3.9544217544474596,7.361270111731132,0.0
-12.5469615954314,1.9718593026675255,0.0
5.511955633227637,-8.79168243561679,0.0
-6.180558355928204,-0.13023907645966518,0.0
-1.9007075965027154,-4.659945292665677,0.0
3.7561305257075017,7.498741634816354,0.0
3.197530534268528,-1.888642777561204,0.0
-0.5977105042256353,7.810279258462052,0.0
2.434595045739645,-10.439838416867074,0.0
-12.508096252133587,1.6898904352595385,0.0
-3.696797709384543,-10.645232650126525,0.0
2.684786517963517,-10.379916945053447,0.0
-11.735097414076064,5.430511007082227,0.0
7.078098511721807,-7.412741865764217,0.0
-6.266173284348063,1.9263171847972549,0.0
-5.997768822046483,-9.824331997092148,0.0
-0.9588990785022364,-4.734377898711791,0.0
-5.021368998493342,5.018303117535396,0.0
-0.9969782428066375,-4.7431425730469154,0.0
8.87391524288984,2.4795116763090133,0.0
2.478068671141591,7.8112796665612265,0.0
-6.194787476424015,1.9657802155329842,0.0
-9.16797641767732,-7.470945906604127,0.0
8.133994411433655,-6.002444315480797,0.0
-0.4214824137649946,0.4576276335486341,0.0
-9.059148590076946,9.957518055751326,0.0
9.461522643475739,-2.05764869698181,0.0
2.1877625203038655,1.4574897268877753,0.0
8.878091089613005,-4.339926823071297,0.0
6.633340760822989,5.692631282878544,0.0
4.074510548101877,7.389418718826317,0.0
4.565884604852148,-9.450857414335124,0.0
9.495880209502989,-2.1521290246536346,0.0
-12.071511262988372,4.418783642819701,0.0
7.627787445061038,-6.760340264430418,0.0
-7.6179548232840935,11.151336420074347,0.0
9.425715311310276,0.35760676166345223,0.0
0.2109985692357607,-10.904790080177222,0.0
1.2574803762152706,7.9503488136119875,0.0
-12.521997887785039,1.6913373276236616,0.0
-5.768613580802408,-1.497718361074711,0.0
3.2290261178018946,0.08863971564335185,0.0
-1.8072021040269484,-10.910141238309892,0.0
-10.650966246441397,-5.602892771101379,0.0
5.3409343056773375,-9.019873314933289,0.0
-8.2576600183382,10.582004130544338,0.0
9.216317166252162,1.4581128068066653,0.0
-5.35239905962002,4.516195995648483,0.0
2.7113851434478935,1.0003091705644827,0.0
1.639505139440186,-4.0128537214463345,0.0
-9.090508732472504,9.763015923566147,0.0
9.240542150205144,1.2216013657247407,0.0
-6.26482816382746,-9.601934212367677,0.0
9.298958220770944,-3.0202382848730442,0.0
-7.6531202845654445,-8.77285969091605,0.0
-10.4601273888908,7.997973246548894,0.0
-3.2154799746897034,-4.198829085323195,0.0
4.645870890314146,7.061640179160033,0.0
-6.339232790981837,0.8022016049665053,0.0
-10.045484355697237,-6.356526079510219,0.0
6.2079801807357216,6.1816795014635995,0.0
8.56246693814824,-5.112702940008248,0.0
-0.017011490339631688,-10.90394613243749,0.0
0.3122672121020853,7.901883450998821,0.0
7.817113211334552,4.397070459490962,0.0
7.315618006602997,5.089972143035694,0.0
-4.498680688401233,-3.2854323426551773,0.0
6.418397601200153,-8.072443726621204,0.0
0.3984438998750137,-4.55045438693655,0.0
2.371722326592366,-10.481299897339493,0.0
-12.196597402692436,-1.965668200068292,0.0
3.518867403733688,-10.027512183622244,0.0
-10.956865898675062,-5.053997902664147,0.0
-3.459968207216113,6.459410189082982,0.0
-2.9725888745228035,-4.313173953149996,0.0
-10.076918036168353,8.634749795231919,0.0
-11.739232085885618,5.563822874746915,0.0
-6.876626635286468,11.722099807841062,0.0
-10.041509423383145,-6.416407388417703,0.0
-1.6049776304076333,7.497990238747145,0.0
8.417691416538577,3.385214505797712,0.0
-12.109767354304642,-2.405249708955454,0.0
-9.487094029959103,9.370385142206336,0.0
-5.836852121193447,3.5744925941699215,0.0
-0.8584138435883418,-4.7454643115670105,0.0
6.508031939521869,-8.067587944391802,0.0
1.0107803254757202,-10.869484989838915,0.0
-10.201592227294398,8.49237128574507,0.0
-11.442816044407264,6.328884510646918,0.0
-1.7633264934800246,-4.719243484116565,0.0
-11.763529689620363,-3.264147531641918,0.0
-12.53011642048326,0.7796101290669517,0.0
-3.5317119015461755,6.520159657118172,0.0
-11.727600408668964,5.557692706718275,0.0
-9.206839443207329,9.66200397948832,0.0
-5.757638025360863,-1.5046291376015732,0.0
-8.957850987756602,-7.6540559263091374,0.0
-4.658921550666998,5.473576283460343,0.0
9.50314107630409,-1.6927319129608935,0.0
-1.632806646496477,7.531906929507139,0.0
2.1604382431725684,-3.5758181119698644,0.0
-1.4589743592114652,-10.992774449285925,0.0
7.856517014877994,-6.355952142178562,0.0
1.2322491129549304,7.923109168860036,0.0
-10.690192304207264,-5.512815480198018,0.0
0.7715049356059882,-4.44258325374427,0.0
-7.4674915879844965,-8.924293180069467,0.0
-11.458591485046007,6.298495308842599,0.0
1.466129426020994,1.8538108702472453,0.0
-8.417197171102128,-8.123819366532146,0.0
1.7589899500172024,-3.9084264395320227,0.0
1.625376137033967,-10.689279052032758,0.0
-6.7819210832244,-9.330998550114142,0.0
-12.05723030756892,4.505240586774237,0.0
8.104507879117534,4.08550097962714,0.0
-4.33910823966594,5.817420235399551,0.0
-12.109858420779116,4.34232310573917,0.0
1.153772405904623,-4.259563727393242,0.0
-2.859580276236297,-4.320365659310752,0.0
7.332713579300865,4.97577500008116,0.0
-5.080794908426375,-2.588298428070626,0.0
-12.08598765643195,-2.4083321944546263,0.0
9.572468973258163,-1.0281856507672846,0.0
4.443281189207114,-9.539940677093364,0.0
-12.262663987163169,4.008348458002218,0.0
7.973724968181445,-6.205033065319996,0.0
5.341985000900272,-9.006421369907924,0.0
-9.164104558629381,9.748865725762803,0.0
-4.831868850193812,5.2683362299627605,0.0
0.15339907592745355,1.6723339218126112,0.0
2.1371762592979437,7.841701484651337,0.0
8.795667910546468,-4.4945185092640685,0.0
1.3033145697681907,-4.162037895126759,0.0
-3.6035014714098663,6.452952998428239,0.0
2.9380058866129755,-2.6248271392124605,0.0
-9.500798253242904,9.41122053165381,0.0
-12.367454793220773,-1.3001822500270552,0.0
2.1564837595911865,-3.562907091779323,0.0
-0.287008821013474,-11.00153596481,0.0
0.5006342113052696,-4.53337327661,0.0
1.0172150466261685,-4.383286046930247,0.0
-0.7190258214134019,7.722328161870892,0.0
-4.951319834349972,-2.7939509225381975,0.0
-9.003222987103399,-7.65880201212491,0.0
4.487350153239287,7.18952370482251,0.0
8.343023778429975,-5.61230896527798,0.0
-6.176406805218684,-0.30202611189341655,0.0
6.679026472066077,-7.8407492306412365,0.0
2.279742470311578,1.4020221240771267,0.0
9.304426791545758,-2.8426327013936317,0.0
2.1846704110256647,1.4351539834236526,0.0
-11.695144466835117,5.732827150692012,0.0
-11.57982974899644,-3.696610344937936,0.0
0.0597325043844167,1.6026214675216768,0.0
-6.262180890020673,-0.037597101974518723,0.0
3.307205508638933,-10.1097277305408,0.0
-9.901660118037224,-6.649218031894556,0.0
3.754008990163511,-9.94112189171217,0.0
0.4402274920480453,-4.532074051115105,0.0
4.533665327606149,7.162659372465763,0.0
-9.450233514949103,-7.170682935458206,0.0
-9.317955720443074,9.544874272763638,0.0
-0.7446154515250286,7.803087439178011,0.0
-1.5121876340811142,-4.700150491513438,0.0
-12.568608569768083,0.10783659032851792,0.0
3.2499505119702885,-1.613384640900866,0.0
-12.158082378299198,-2.0693537770503827,0.0
-7.6668881379922995,-8.790113840718321,0.0
-3.8932929920406836,-3.8079665818089894,0.0
9.468486197438038,-1.9291822385472617,0.0
-12.300811461530643,3.7767028432728207,0.0
-4.393725450528634,5.75976701033142,0.0
-1.3498684946815773,7.625837046603744,0.0
-11.909028716065981,5.146128864721912,0.0
7.498900653988659,-6.804952957762612,0.0
-10.748382135449969,-5.399365314198131,0.0
-1.661224551974921,7.499754883772786,0.0
-6.187893850729234,2.089650323667984,0.0
1.7141487180079031,-10.62782547558846,0.0
-0.4578202493418979,-4.778356288894414,0.0
-11.481820816488222,-3.962461110069384,0.0
-0.07188126215633006,1.5252116207838295,0.0
-10.899350204898182,7.311852429076632,0.0
-0.958717886718067,-10.979442619516774,0.0
3.366801106026231,-10.133902023270148,0.0
9.31568569369965,0.9302817006255832,0.0
-8.46797825170989,-8.177213561379322,0.0
-12.362814421266581,3.28074599077015,0.0
-2.500010773600519,-4.486623008245267,0.0
5.29722902960881,6.83071910640471,0.0
3.6438280987683678,-9.99747042767201,0.0
1.2436519859741697,-4.196257620648484,0.0
6.845908682210227,-7.640184288522759,0.0
8.427110943258658,3.408510206514238,0.0
0.6743525783029951,-4.5236998461995315,0.0
-0.2941758082096033,1.3292322008046056,0.0
-3.0563317904491627,-10.817429735076603,0.0
0.3423068918330926,7.937965141974286,0.0
-7.046059950137367,-9.15052410551219,0.0
9.084665945358136,-3.8301155115824312,0.0
8.370526477227697,-5.559139789045993,0.0
4.8436696500059595,6.990538708859186,0.0
-10.688021396528837,-5.591141947688184,0.0
-2.1559063057281005,7.2914655239724775,0.0
-3.5654697284719252,-10.659150834427715,0.0
-5.830303595809621,3.6167673481474663,0.0
-1.1442015400278633,-10.95226321675028,0.0
-12.142233166415599,4.402917034649615,0.0
-10.191880971177468,8.48598312855941,0.0
-5.9977650407458825,-9.848707449432005,0.0
9.42822739332392,-2.0187455246314463,0.0
-4.7831704568044895,-2.9906101086670063,0.0
9.564165887129548,-0.5548123413730489,0.0
-5.46215674230301,-10.056081674763401,0.0
2.218989217595199,1.509438360728056,0.0
0.49769976544221395,-10.918621626758439,0.0
1.7613318616339055,-3.9092248672583074,0.0
-5.015024385528086,-2.719651580577466,0.0
-12.276749135998987,-1.6821523408063137,0.0
6.736493219961944,-7.77270690984053,0.0
2.521351210433407,1.1510094997202012,0.0
-12.13953437877985,4.241603671498466,0.0
9.561240018788471,-0.5073268433324396,0.0
-2.9872912756898216,6.830405439709409,0.0
-2.598791274912907,-10.858479865065672,0.0
-5.7110724736076,3.7520007109925264,0.0
-6.2643237196047625,0.15917366903222868,0.0
7.062247809955503,5.2976521900522275,0.0
8.431705081984225,-5.363912335001026,0.0
-6.273784376838278,1.4557825253441055,0.0
9.351993283384827,-2.9559807080383926,0.0
-4.345084304315339,-3.4841382102392044,0.0
-0.21472402140787322,-4.739660581668119,0.0
-8.499174537038737,-8.101673212459705,0.0
-7.071192817610988,-9.130262005139794,0.0
-10.130966802772553,-6.291692237052484,0.0
-5.896137543874828,-1.2395727127882854,0.0
-3.3732394422461716,6.590856491436358,0.0
-1.316364893853332,-4.7977147082059926,0.0
-5.7472291239337405,-1.5512969965358543,0.0
1.9234758622831252,-3.749370262615913,0.0
-3.2905023709604393,-4.205039258206929,0.0
9.38150126824728,-2.353881639765711,0.0
-12.515875970367954,2.216752381342672,0.0
-5.553828826133049,4.046947074646183,0.0
-8.30363942630663,-8.27999666439937,0.0
0.40069458108913736,-4.596260868241582,0.0
-0.1916761103056601,-4.678903308736918,0.0
-0.5974848275084963,7.799612923936251,0.0
1.7388693307966383,7.915209169462445,0.0
2.5754259967533053,1.173562770311134,0.0
-7.595290031221973,-8.784282866319108,0.0
-1.8523292178960975,7.400359973785695,0.0
-9.599745367705838,-7.017913783557605,0.0
-6.272406048205758,0.9962282572521521,0.0
-1.806345098219433,7.460825956702696,0.0
-4.386494272015296,5.698020579193412,0.0
8.856959436315666,-4.433293030766885,0.0
-6.151962376243491,-0.26392006573564114,0.0
3.5397049493517616,7.556404086265994,0.0
-3.299559257192736,6.605394400583669,0.0
6.536576279967462,-8.001114165786703,0.0
2.086831270400611,-3.6271183510775487,0.0
-0.148544835597212,-4.7124795087029305,0.0
7.27978428759613,5.173189401810331,0.0
-4.6253316897703955,-10.382967769924171,0.0
3.2328306451123154,-1.7276924290598794,0.0
9.488289661706155,-0.6888768371650331,0.0
6.185069792398501,-8.298998527376039,0.0
9.366086639491622,0.9945149423557968,0.0
-0.24054269105995382,-4.70192854565555,0.0
5.808015656044819,-8.603153288709763,0.0
-0.3007785903114924,7.843927671409217,0.0
8.963178006766084,2.1250125108716573,0.0
4.262880363992463,7.280174761793657,0.0
-5.265131606950647,4.516921994709646,0.0
-9.93517002609008,8.813076117040817,0.0
3.1427852301728825,0.0030401968943229835,0.0
1.7713895777585646,-10.640707924300338,0.0
-9.713955458585119,9.103217585150771,0.0
3.1416210223557686,-1.9705604233297254,0.0
3.841692844311073,7.506605976135767,0.0
-4.496105612474648,-10.437039285705152,0.0
7.867229215067796,-6.4017856941292735,0.0
2.3039915595067657,-10.45168637202294,0.0
-8.829571041746533,10.09209491746111,0.0
0.209118281781287,7.9260805693934016,0.0
9.511403469060319,0.0601768077959554,0.0
-12.38670363466414,3.145913328625409,0.0
0.7438382564652727,-10.873336417417887,0.0
-4.903449597633256,-2.882142928997956,0.0
0.8766692283692327,-4.393692718692325,0.0
-10.430663315368706,8.09554601692518,0.0
-1.4801206067365495,7.554284903218086,0.0
-12.448610878891866,-0.6668891718420692,0.0
-8.323301735607194,10.608251676989676,0.0
2.1434091218120725,7.872297487295415,0.0
0.17397062699708055,1.6752297278497896,0.0
-5.248656173312562,-2.478255079308681,0.0
-10.592069092740756,7.831350280103952,0.0
2.9779947519889145,-2.389983065604757,0.0
3.5476608123235613,-9.991627454125018,0.0
-4.995943072501047,-2.7556293890159047,0.0
1.4271500598782467,7.985531929476242,0.0
-12.370081201030427,-1.330098272007036,0.0
7.033096028206284,5.3262033143060465,0.0
-3.2651306954029136,6.599410880231252,0.0
-12.47864951456695,-0.7300125564554787,0.0
2.1924954815945275,-3.5235267410975952,0.0
2.9786107590591673,-2.4742424670926315,0.0
9.045443291167047,2.0796354897275116,0.0
-11.764245475506694,5.302533040236373,0.0
7.755170100516547,-6.515964594852335,0.0
-5.722616911667295,3.7076049454209223,0.0
2.2764208340968732,-3.449773673977114,0.0
0.7325140562616362,7.991550491700932,0.0
3.0753500375901957,-10.19017058006338,0.0
-11.300380732506502,6.425547346492537,0.0
2.9969829522841973,-2.462850917005942,0.0
6.4497666370210895,-8.068246518707236,0.0
-3.6888716733239457,-3.904642091277397,0.0
-1.975636192236951,7.377260523266809,0.0
-1.5370974845346432,7.474712560750951,0.0
-12.509844886888523,1.7902482397259856,0.0
-0.819145755212092,-11.009625915924227,0.0
-3.1474033999494107,-10.783022533719802,0.0
-12.305690181364806,3.7846400148418042,0.0
8.1070716897716,3.942307539050846,0.0
-5.83851301729461,3.575978178940085,0.0
3.337208997202468,-0.4625993153708591,0.0
1.9797585246176355,-3.6713481906532417,0.0
-11.238432759332243,-4.548578166868652,0.0
-6.025690550000687,2.783668080915261,0.0
-5.066631889194004,-2.6488904600651,0.0
-8.09747523004517,10.754290542240726,0.0
2.441034915799039,-3.2117673173991608,0.0
-12.513602938211362,0.6720170418976885,0.0
3.015568968731067,0.4686458584578569,0.0
-6.074856798288185,-9.750633806733424,0.0
-4.191386951190649,-3.591858788341828,0.0
3.252237301145214,-0.18158241771160824,0.0
3.1686066134433273,-0.03252629179492422,0.0
-9.040558235201217,9.925110463227625,0.0
-2.8063665847169044,6.914897558262772,0.0
1.8066262579285168,7.972613145797818,0.0
-2.8794802007819547,6.939424623718692,0.0
-11.110183608319986,6.861360913146798,0.0
-11.609159907744816,-3.751445611442146,0.0
2.5031278026091135,1.234433263827696,0.0
-2.3087143462773043,-10.932381890591898,0.0
3.1792462222372344,-1.8699777095252903,0.0
3.3059014169548515,-0.6580839706880934,0.0
-0.05707129626420453,7.93579835876551,0.0
9.440926281297589,0.4880665446481563,0.0
-12.564024110842313,0.30162929316895903,0.0
-11.684798853470836,5.752731135066316,0.0
-6.805290686775626,-9.359007170821117,0.0
-11.094804666495415,-4.697659052810177,0.0
-7.013014932396161,11.68364185628375,0.0
3.159268449551311,-1.9915577405604779,0.0
-7.607499679816191,-8.859119085961648,0.0
-10.876523619864784,-5.08951785389555,0.0
3.8411773263058295,-9.822591102723644,0.0
-9.029003933057243,9.880970234017644,0.0
3.74785303973344,7.479822054530875,0.0
9.475502454588678,-1.7238143889166375,0.0
-2.8895237119401,-10.86965472911273,0.0
2.975944606004636,-10.222066377397978,0.0
-6.322262048161955,1.142292962520158,0.0
-12.571081492831626,0.7864425590417548,0.0
-2.8813645897654165,6.869260876455971,0.0
-8.480043651238756,10.420200509490208,0.0
-3.6363358916605693,6.407093226696357,0.0
-4.288894002111226,-10.445662546381088,0.0
-9.364544461464433,-7.305508564015328,0.0
8.310286910815664,-5.60831571934594,0.0
-5.301539087114489,-10.117632687455954,0.0
7.175234901084075,-7.309429079962616,0.0
2.9836884898017506,-2.459527974537087,0.0
-6.242295579668443,-0.022124275796549506,0.0
9.544285035440812,-1.4208786291603908,0.0
-12.574938002132052,0.2631134568458491,0.0
-5.133895459511954,4.766808872390086,0.0
3.612011403991861,-9.99064164294791,0.0
-0.09436028037538052,-4.713243305822682,0.0
-6.160906850929703,2.2444746245039724,0.0
7.253938473989939,-7.176003875810419,0.0
4.946508060402815,-9.297548853031344,0.0
-9.915157535906975,8.783335266305283,0.0
9.090621657870527,2.0472568828354807,0.0
-12.326179615550506,-1.4159518075100586,0.0
7.955537680607663,4.2485980358651405,0.0
-12.269638021998077,-1.7346232318668258,0.0
3.2919530037231355,-0.7325358713158242,0.0
-9.372370100351327,9.457484720512051,0.0
4.31700123286635,-9.598585811466245,0.0
-11.578195918404262,6.083335495969817,0.0
-2.3075654069052294,-10.85792104485931,0.0
-5.755989734558808,3.6128140016572736,0.0
7.352531651898871,-7.035078247050612,0.0
0.9601140702283191,-10.843441214127507,0.0
4.05284334623693,7.3789626398830075,0.0
-9.636908909377897,-6.9518383367639665,0.0
6.177250575561922,6.150327931580517,0.0
-9.767601527680522,9.03482420968496,0.0
-6.023300626957462,3.0455673140665427,0.0
0.12189699479828581,-10.896886736091288,0.0
-5.318956259705511,4.554735299955584,0.0
-8.179967405709217,-8.428560237713683,0.0
2.2780532547465544,-10.468541783489073,0.0
9.000153495901865,2.057606337775813,0.0
9.081144301446834,2.0437907452189967,0.0
-5.997441902913847,-9.75723631299568,0.0
-0.5988722846136904,7.837258484562987,0.0
2.4393196864129503,7.856328890731931,0.0
-6.353955671587824,0.8826549420231292,0.0
-2.949495834091225,-4.3580384689694975,0.0
-4.073342588396658,-3.7150371173014696,0.0
-12.189041792806815,-1.8829769443504174,0.0
-6.584971451847512,-9.499193548251085,0.0
-0.6191964616928649,7.784406915405862,0.0
-5.349981167421425,-10.074723922310683,0.0
6.202771460849494,-8.265439641787193,0.0
-6.404422466724779,-9.577557158527952,0.0
-3.7136462772727143,6.304615987477502,0.0
9.373510837010654,-2.3558325834697573,0.0
-0.21723991682110888,1.4387581264641247,0.0
4.380761411990785,-9.615326923251466,0.0
-0.744927843724973,-10.975731029526543,0.0
-9.65866621854075,-6.863017379875853,0.0
1.5815802120572522,-10.74377657504103,0.0
-9.360976782117987,-7.243533316253105,0.0
8.564887909068272,-5.155670767938734,0.0
-4.024089699153424,6.1309016201868625,0.0
8.903387284954986,2.4375347918979005,0.0
-0.2850837958711148,1.355236094687283,0.0
2.4450160581017215,7.840227038212183,0.0
-11.088851487738301,-4.853937154087522,0.0
-4.5938639328867374,5.5262607691511745,0.0
8.850306759381665,-4.363001237833948,0.0
-3.083757906701895,6.82745654184448,0.0
3.128330199064727,0.10381223862255182,0.0
2.939036454292842,-10.297098589928028,0.0
9.510708270286758,-0.5008388701044999,0.0
-6.318530031438343,0.8050302995490631,0.0
3.238414804348358,7.654629822089422,0.0
1.9380850733333932,1.598382643364742,0.0
9.526681333863895,-1.1900720529971802,0.0
-5.358141901721734,-2.1875829342771387,0.0
8.063972129664819,-6.102848185914509,0.0
-6.3559769010492815,0.8704459914267901,0.0
-12.069625736587872,-2.24983193711042,0.0
9.492352935856713,-1.035926675076946,0.0
-5.974236734961782,2.934478043886369,0.0
-2.783596694656217,-10.838950381562043,0.0
-5.4380004166877445,4.279997133433142,0.0
-3.685583222413864,-3.9385711077592735,0.0
7.11216654016876,5.350640630867165,0.0
-2.0361202503879015,7.36195546663642,0.0
-3.8116504870554357,6.232518354448099,0.0
7.880646324530527,4.260451026545374,0.0
-8.170320667733037,10.757641236908926,0.0
-9.489018993914778,-7.175984195757741,0.0
2.7722719127207633,-2.816848854882728,0.0
0.5370825585565936,1.7742256915330887,0.0
1.5887542243558461,1.7854336036700293,0.0
-7.2447138691902015,-9.096806259053572,0.0
8.62872195719357,2.915222208720278,0.0
-12.542287711328399,-0.12797225794000633,0.0
-11.994349642457845,-2.6448572593015793,0.0
1.0591916979137967,-10.758718172020023,0.0
9.439391183957975,-2.5807543677052984,0.0
-9.523561856207776,-7.124826049584116,0.0
-5.862185582012988,-1.2669301488969347,0.0
3.35519821560895,-1.1293135277674538,0.0
2.722060333296158,-10.310533157322803,0.0
2.234151383981699,1.3845151329549672,0.0
-0.015074484641836625,-10.938215076085367,0.0
-11.82111630944882,5.306775602166601,0.0
3.7545493772035092,7.465893414248822,0.0
-11.306160621811982,6.560704687584326,0.0
9.52284816096123,0.03902351531668684,0.0
1.2950237324743998,-10.767107940130153,0.0
3.2997601757003103,-1.3765397816013074,0.0
-10.767336013055509,-5.399342290131134,0.0
9.484679382014559,-0.08535362502839418,0.0
-2.9498923443478153,-10.77797208126861,0.0
-11.789384836438979,5.527339110932448,0.0
5.003840156193635,6.868824850130747,0.0
8.980083561409197,2.091152278592733,0.0
1.5526584741532543,-10.736738553406644,0.0
-5.120647520018399,-10.191595901222586,0.0
4.712426277890224,-9.414938042828968,0.0
0.5071242176740266,-10.94033437547418,0.0
3.209471771487985,0.08106571424921459,0.0
9.245044202919084,1.221570497149232,0.0
-8.531351838987648,-8.048690331355724,0.0
5.089800834141284,6.892999324403314,0.0
5.177024335821457,-9.082041151666196,0.0
7.746069567716221,-6.444593775963507,0.0
1.7405378989623304,7.917526393750278,0.0
-1.3862881556985815,7.545652233266352,0.0
7.239480764173332,5.144533238566731,0.0
9.056258947486892,-4.072828908307151,0.0
-10.586787522712926,7.95157805550324,0.0
4.524599036504672,-9.46524524581769,0.0
8.425734306037706,-5.511052398511835,0.0
9.009389167011546,-4.149135707849711,0.0
-4.942418910285681,-2.7878952551731144,0.0
-2.1928755116217395,-10.885794395830743,0.0
-4.096189163021579,5.92607766778861,0.0
-9.240480945340446,-7.429828516964601,0.0
-4.882311525341103,-2.995875364899373,0.0
-5.925515957843247,3.152682126769187,0.0
-12.299037058461982,-1.6032327003971965,0.0
0.1213629693789455,-4.626530536665948,0.0
6.007031911411565,-8.456341594705044,0.0
-2.2814371919066936,-4.562429870741812,0.0
-5.2393071609124435,4.690757828107058,0.0
-12.053404774736382,4.546316257416017,0.0
-12.015924103164592,4.866065764090485,0.0
-3.036995661379217,-4.232960202785448,0.0
-11.118929253438706,-4.741305120357045,0.0
-4.900149705830445,-10.24009051484441,0.0
5.5065342891076225,6.616764726953431,0.0
3.266781858902586,-10.137245049882546,0.0
-9.98047798061378,-6.517025475936649,0.0
-8.420213791606256,10.429274295838376,0.0
9.394469878486458,-2.424459777053084,0.0
2.3399182008268564,-3.311355454242391,0.0
-5.41007148708096,-2.1807493917337517,0.0
-5.857256891754412,3.31568761251567,0.0
-9.578562278008425,9.287868929926233,0.0
9.527417457104146,-0.9453876354697175,0.0
8.500072013710993,3.2841463326693234,0.0
1.0546875638928923,1.8412732730333803,0.0
-4.63910240817784,-3.131268878517789,0.0
-5.612951177708205,-10.015411640342542,0.0
-5.493534638943832,4.152348095511922,0.0
0.7760342199365348,-4.426639656152488,0.0
9.463283198934056,-2.1324538716296666,0.0
0.940099163876278,-10.787222287021953,0.0
1.6844666748662007,-10.62708758813093,0.0
-11.158299063252572,-4.723175893744893,0.0
-6.488220752984717,-9.501736494060463,0.0
8.098080819274662,-5.903047182235899,0.0
-12.590982518609941,1.373447851551279,0.0
9.202088676122191,1.5307438547295442,0.0
0.8020627942518791,-4.434000686460751,0.0
-7.241527466736338,-9.048253759280902,0.0
-4.267475239220769,5.8288159461577305,0.0
-5.194339915093211,-10.155362298187846,0.0
-2.0651737851571967,-4.586743175950492,0.0
0.35510474750606646,-4.593543158577673,0.0
-6.287604391620256,1.9246664129158757,0.0
1.8204543764097265,-10.656054961791186,0.0
0.5016373614638744,7.988318833153302,0.0
6.857931172222587,5.568753546470146,0.0
-10.685475313508386,-5.508561022402354,0.0
3.105153536007302,-10.214606148567926,0.0
8.65383334082798,2.9738394969364625,0.0
2.421525731969839,1.1920067405366157,0.0
-10.011943647049021,8.750186032211523,0.0
-4.095401012825569,-3.640284640662145,0.0
-11.893822711324743,5.171542104361432,0.0
2.85653219609273,-10.254262622995935,0.0
-10.464594779426724,7.991283542584407,0.0
-3.2548072123193212,-4.163544860093308,0.0
-5.995405007672672,-1.0683862404006366,0.0
-5.593930530335623,3.9470455226614214,0.0
8.337416103502967,3.61972153686741,0.0
-6.044603673822123,-9.815031621583667,0.0
-5.4373077208616225,-2.1027542657018556,0.0
-7.689922171955433,-8.774154872676359,0.0
-5.833197230634611,-1.3945647388166718,0.0
5.39326585888784,6.701503827988319,0.0
-11.467505047083797,-4.153624415673971,0.0
-0.103229300917085,-4.7052438884548025,0.0
9.534829110245495,-0.34543359789840955,0.0
4.155368709579808,7.334914476350654,0.0
-10.095116303954681,-6.362712948736492,0.0
-4.924744452461434,-2.922518823376443,0.0
2.6203912047284996,1.0783387131776145,0.0
-6.160222923341662,2.2364684603905767,0.0
8.922908781987207,-4.296751537906351,0.0
-1.551582338092647,-4.728205359961549,0.0
6.816487717724322,-7.685535666434671,0.0
8.940433688155156,2.353473929689571,0.0
-3.728646923540471,6.343108642311534,0.0
-12.266209213748562,-1.6288561542352842,0.0
0.22816230424765227,-10.944725397560324,0.0
-8.331421135090237,-8.294156109141042,0.0
8.680043742278333,2.9081239427807435,0.0
-7.1459553815082995,11.537444771043614,0.0
6.50286257796324,-8.037343846070165,0.0
-8.025043977599703,-8.454484722473609,0.0
5.887408130805864,-8.562948752804402,0.0
9.057501326443807,-3.9595893782262315,0.0
-6.062305783060421,-0.8022251409370481,0.0
-8.570488528473922,10.324772702551652,0.0
3.2840966585585383,-0.533891212096669,0.0
-11.587714009310723,6.035964833019337,0.0
2.614271912749211,0.9916430405366119,0.0
8.744427967963532,-4.769521101769312,0.0
8.806198180641571,-4.540178663523881,0.0
-0.3137571454990039,7.847542062309632,0.0
1.0192997802380082,1.8257978445768241,0.0
6.949842952638131,-7.535739547381085,0.0
-6.964041334728953,-9.242846570797887,0.0
-12.064226553390808,-2.2487038802282413,0.0
9.475695574859438,-0.633683198268028,0.0
-5.623272706589464,-1.7005535481453227,0.0
-5.925076748067243,-1.1335316617376991,0.0
-5.903369437711245,-1.1648485986042465,0.0
-12.013958224280136,4.636945312795611,0.0
6.368168482250816,-8.144803093272358,0.0
-12.42993180590942,2.5822265914399902,0.0
7.042590587611368,-7.4716439120425315,0.0
3.4000011053857535,-10.137440991895195,0.0
-5.426451277890756,-2.137032414460812,0.0
-0.2257950389001566,-4.693163446385624,0.0
-2.1361879666190173,-4.633462366318076,0.0
-1.8073284458359784,-10.930299866113453,0.0
3.2329929946764944,-1.5398661542967724,0.0
-0.6147792114092884,-4.745229772478139,0.0
8.304514629428148,3.7000521997609046,0.0
-12.46143124514505,-0.10094779953221152,0.0
-4.207142240275702,5.857807555093872,0.0
8.419186412626814,-5.36583169736339,0.0
-4.7038831153832215,5.41613873671635,0.0
-7.764724816272789,11.089492258520107,0.0
-12.521243081788507,0.7651814730714694,0.0
-11.172272051791882,6.78769737949056,0.0
-7.606210729865598,11.139646843191874,0.0
-9.554265805729704,9.321494444304792,0.0
-8.320179062004708,10.589933177871877,0.0
5.6939127234304525,6.484659603259621,0.0
-4.376903034362565,-10.504980417380251,0.0
1.2290016456890438,-10.785830873320712,0.0
9.503260989687702,-0.5007950551015719,0.0
-8.121783291410095,10.819099734306944,0.0
-6.313489651478817,1.8116583415661018,0.0
9.122809245864095,-3.636625734933167,0.0
7.621486876678926,-6.778036068193276,0.0
3.2117167594373455,7.666149827114783,0.0
-11.931301930879162,-2.978733606876353,0.0
2.600055422289856,-10.334136478628865,0.0
-5.511538676904641,4.127786568077234,0.0
1.0994956157064382,-4.31093913983544,0.0
7.857662278291647,4.328195926798544,0.0
8.24666791750985,3.801699331523701,0.0
1.313086727207345,-4.156353209827324,0.0
-3.944663770877092,-3.6949215659097256,0.0
-2.497983484786008,7.0934421680713164,0.0
-3.7341389428817244,-3.92472194933138,0.0
9.143855506321742,-3.5204626556271794,0.0
3.2957131272328173,-1.0934787738387237,0.0
3.6662534555424418,-9.988868763749938,0.0
-1.6219192734019279,-4.739569103053006,0.0
1.554946976290327,-4.022232680763269,0.0
-3.739278061059679,6.364910919081322,0.0
-5.2817699369835776,4.493279505715359,0.0
1.2320293270076201,-10.812561054004465,0.0
-11.900493744218553,-2.9809302851782746,0.0
8.856560640686938,2.5842893832624956,0.0
-0.47326126482914516,1.0014364264510807,0.0
8.234661749310856,-5.7357480015664315,0.0
1.771941470618535,1.669227803786547,0.0
9.188020798192518,1.4944481386526713,0.0
5.3288629072420015,6.769492635081259,0.0
6.6347003669717575,5.753084385701993,0.0
7.666097275043258,-6.560377373995582,0.0
-7.083831797720805,-9.17946841779972,0.0
9.177155374062597,-3.6624219452805495,0.0
2.6783309141228098,0.9634276592026366,0.0
-12.5592716627369,1.0188331640973938,0.0
5.330538546737539,6.778143438020646,0.0
-2.4227785600176324,-10.901547242491135,0.0
-6.981330216618154,-9.182742433216399,0.0
6.455769516653253,5.916445375974406,0.0
-10.400196814671178,8.177940003076989,0.0
-6.07268216015242,-0.7203779031922908,0.0
8.824698490156289,2.584103881500491,0.0
8.463982076074855,-5.2637828993761175,0.0
2.827439419986147,-2.7740718501269024,0.0
3.446647935835876,-10.071273810324717,0.0
1.7038377352565481,1.695851444520527,0.0
8.449007427830038,-5.278937812253225,0.0
7.563965459646497,-6.7343422330745915,0.0
3.9071240311197433,7.4579154691902865,0.0
9.214446100368809,1.4026830208115846,0.0
9.486980789741741,-1.1764601605707863,0.0
1.381002080204615,-4.132216585989526,0.0
-12.105661449555395,4.521442835205282,0.0
-8.106497044662023,-8.40517603095011,0.0
2.3687227146579293,7.8694140219656346,0.0
-10.077390037981969,8.646181539813778,0.0
5.579655360814966,6.542116123742193,0.0
3.8305933566441484,7.474281314865068,0.0
6.868769187224917,5.59919126186349,0.0
9.277622501745277,-3.2367126379487727,0.0
-5.651047519786657,-9.925513823266893,0.0
0.37359599662792864,-4.58402930441586,0.0
9.547455432836855,-1.3333119323462972,0.0
-5.956712438968618,3.126683287348209,0.0
3.749393556670869,-9.89886534260511,0.0
-8.00668104286436,-8.525166351617068,0.0
9.246592397259503,-3.215336733119088,0.0
1.942277534490856,-3.7221180503275533,0.0
-5.336321701152807,-2.285081615178119,0.0
-12.483965615847428,2.4907112636939726,0.0
-12.117323715434962,4.1236638078262065,0.0
-0.20077073315472718,-4.68714218587071,0.0
2.8228534281914435,7.7295697796766385,0.0
2.2413205460148125,7.875335631625178,0.0
8.653728776172715,2.979869500538222,0.0
1.6402396372642158,-10.694473466516191,0.0
3.1649390955818397,-1.9734300596554737,0.0
-4.288859250022144,-10.524398033068167,0.0
-12.480969732047285,0.00791590581035058,0.0
-7.684706669490318,-8.70409319768941,0.0
-6.325819504670439,0.8888567067030997,0.0
-8.489749195029697,-8.066111331517835,0.0
-6.291078947619342,1.710025936336661,0.0
-4.527908630956913,-10.424351473695827,0.0
0.33733071071851944,1.804672782643097,0.0
-8.65457900407634,10.264779020605975,0.0
-2.2451053497263485,-4.569314093412904,0.0
0.4135340862264636,-10.928082092861013,0.0
-0.5466899633686838,-10.983784539648004,0.0
8.552990858218719,3.2050570637976223,0.0
-12.575885413222643,0.7105169201522462,0.0
-0.956584796604236,-10.97775969030882,0.0
-12.567861943225415,0.4067208930056619,0.0
-0.7628764737187121,-4.7639936150751,0.0
1.5101913134704747,7.963065425542255,0.0
9.253855271006017,1.225146389331133,0.0
-1.2911455041813007,-11.015734193927637,0.0
2.5017066367147303,1.1644174778286958,0.0
-8.908185950207569,10.085944619412732,0.0
1.480730379851693,1.797275518971421,0.0
9.301172123610332,-2.9572217946137678,0.0
9.18651412045685,-3.3200354995834087,0.0
-6.1175748292047825,2.540558115607735,0.0
6.366676924823322,-8.137514887207686,0.0
-7.357054326160112,-8.986909867995447,0.0
1.3792216010890124,1.7824921412726726,0.0
8.762523187184206,-4.783461845615012,0.0
-8.912406308522145,-7.707338589135852,0.0
-12.531206438232443,-0.07550872715179993,0.0
3.804116490345914,7.461455096028751,0.0
8.451660391004665,3.3955320904383153,0.0
-3.4468962499065485,6.48153957562429,0.0
-9.11079840902664,-7.4802619747473935,0.0
0.4857353863500928,1.7808584592400925,0.0
-2.584914776301538,-4.531814354455508,0.0
4.320941943585457,-9.65130077589408,0.0
4.844123069081912,-9.303626003356596,0.0
-6.266385874817645,1.2572929502943626,0.0
1.7207006294015594,1.6948353022395561,0.0
1.1213251846616055,1.8861987382143175,0.0
-0.184003151325785,-10.966821631801691,0.0
2.4404527050160305,-10.414043880059415,0.0
9.064878936506489,1.9344410348677152,0.0
-11.61471667098466,5.743802962298724,0.0
-11.910557264828665,5.0703666375909275,0.0
0.3218152777237016,7.912005133648155,0.0
-1.309092662343575,7.630691268004057,0.0
-1.9912984814748476,7.299893075217864,0.0
-11.365228799642113,6.528646478678004,0.0
2.1909996194953267,1.470715555488912,0.0
2.025170692854662,7.939978249648954,0.0
-6.007840120754897,-0.7965110056068894,0.0
9.49012010267834,-1.7787317614952738,0.0
2.2289098921996855,-10.528049716478348,0.0
-10.178443910312977,8.436102798480949,0.0
-7.319997223566111,-9.01377167772749,0.0
-12.214563834769077,3.9314394447026757,0.0
-8.88539824447481,10.08819210591061,0.0
8.638137923520508,-4.9554840195131185,0.0
-11.03487710020087,-5.013974234655859,0.0
3.1232393023015432,-1.9996495280925402,0.0
0.6323378180380492,1.8542124221049405,0.0
9.385300269067928,0.5532402037493155,0.0
-11.463443004973549,-4.054732769503307,0.0
-1.8687257168898284,-4.672015689745497,0.0
0.7176398714442661,-4.450647281619466,0.0
7.184006584261637,5.24976864284017,0.0
-9.057426405591256,-7.587999573627495,0.0
-0.28566743643557096,1.2477410192113159,0.0
-11.895149381883835,-2.876798376213668,0.0
-9.47280611202234,-7.181241944656599,0.0
2.621438836969749,7.783231829516482,0.0
3.049632444512068,-10.216059558438669,0.0
1.8477636126669357,-3.8317085572059995,0.0
-10.02069468979888,8.696738455510669,0.0
1.5712040847138538,7.991268954419419,0.0
9.09941988089606,-3.7491665475908187,0.0
2.574235373285993,-10.37453417025519,0.0
6.545362894544371,5.80930414148511,0.0
-11.939253405789513,4.958003178451791,0.0
-6.108209621400243,2.6095858625847153,0.0
1.9839883271809449,-10.59290471753155,0.0
-12.288409098263633,-1.5998470578673882,0.0
2.88027615214545,0.6168872507051408,0.0
-10.484369866266812,-5.859225746907132,0.0
8.8881309205237,2.4281895867718455,0.0
-0.3715584267639428,-4.713354609371443,0.0
2.6290656089954605,7.806469816450439,0.0
9.013075663299785,1.999003852798925,0.0
-9.006403033584286,9.904325004425715,0.0
-12.452994018906942,-0.35844301342250384,0.0
2.778823789488467,0.9524849443324324,0.0
-11.29933643263723,-4.299215773217009,0.0
-9.642635317139494,-6.919895829314575,0.0
9.129749949759496,-3.4997812996081725,0.0
3.154782360877048,-2.1039458076490383,0.0
-10.792974755424504,7.532606082217345,0.0
-8.128203067907142,-8.373030366690566,0.0
3.182322150150966,-1.9808792579893264,0.0
-10.44704578143887,8.031509505167373,0.0
8.370871597618319,-5.526975313624712,0.0
2.861424794943792,-2.735684816151565,0.0
-7.299687634574246,-9.038585526440418,0.0
2.008970964050212,1.6189189792846261,0.0
0.5127499541915338,1.834186828509141,0.0
-2.6110062747331058,-4.491635551736026,0.0
-5.071840473126517,-2.752245473718447,0.0
-12.492917569237893,2.6344225222246305,0.0
-0.6587821705455427,-4.737794150741711,0.0
2.051172557349656,-3.60734992015526,0.0
-12.502761939011922,-0.09024929524410924,0.0
3.3307084808638434,-0.36164940328292194,0.0
5.684111777461021,-8.714875799315116,0.0
4.716773135844784,-9.393132184129616,0.0
8.091348866221617,-6.033755322314805,0.0
-5.364912132153657,-2.2414676880810704,0.0
-9.023541192010644,9.89810240470531,0.0
-12.003186309658139,4.889809179124906,0.0
8.798308560459784,-4.5544295815452385,0.0
-11.87852533115278,5.01373264678041,0.0
2.2508162390091613,-3.4642878840502904,0.0
-8.829570868779179,-7.836125612707399,0.0
-4.951639376458773,5.054207813460727,0.0
-9.941173916726406,8.803444435659985,0.0
-5.71525853112893,-1.708388404659084,0.0
7.45573448861153,-6.921342370791925,0.0
7.299276735915138,-7.082457073388925,0.0
-3.711301051873303,-3.894729276908822,0.0
-6.305081763829093,1.228190732580144,0.0
-10.953909097666035,-5.01879960940675,0.0
0.31195917514843186,-10.941307473091397,0.0
9.508792141834164,-0.09942284012671988,0.0
9.508361911919359,-1.4840338952463372,0.0
-1.7129723907106056,-4.7259488481853555,0.0
-4.9526830159367545,-2.7490002172576258,0.0
3.1896188940563626,-1.9421162743319333,0.0
6.786189068704221,-7.666323562490996,0.0
-12.561187411921964,1.561461703007558,0.0
5.389472490477058,-8.90831226636642,0.0
9.504276832173984,-1.8083744820870817,0.0
-12.448829023331172,-0.1653795147593713,0.0
6.1365885670083165,-8.35507998525973,0.0
-9.633829208587885,-6.900769448100942,0.0
-9.382192421133555,-7.180333644449485,0.0
-3.9353558959109947,6.146547087682298,0.0
7.426283395190354,-6.983116909082691,0.0
3.317875105394815,-0.7663524323607485,0.0
-12.591338361833207,0.8308467339679833,0.0
-5.592289185501757,3.9667423674979294,0.0
7.701675045006233,4.522792946914526,0.0
1.713452983065122,-3.9645446653698606,0.0
2.077871271587935,7.8670332653617825,0.0
-8.479818817251902,10.413206772057277,0.0
-11.866684077951975,-3.121015183406677,0.0
-8.20658670719078,-8.322810981295335,0.0
-12.50190408577771,1.6422985967361983,0.0
-12.53416478597586,-0.2511933226906367,0.0
2.0180596796119254,7.869882129974992,0.0
-3.1293670498261363,6.688118273668342,0.0
9.41936794883714,-2.0482107189524643,0.0
-12.100267533636634,4.541517932780355,0.0
-8.399553707210611,10.514475491786877,0.0
2.780110450258004,7.812087744129595,0.0
-0.27767625017334,1.3521628094943388,0.0
0.28443603016714275,-10.899275170991594,0.0
-6.042501504574164,2.701282356327024,0.0
-1.1716112915995442,-10.962469292742268,0.0
-6.31252590986871,1.2092103726012717,0.0
-2.9735635398881657,-4.3767843609963695,0.0
9.482823490803616,-1.8210605679717233,0.0
-12.53411904608366,0.8779457428546258,0.0
-6.166519401489826,-0.27783020949072396,0.0
4.217171544926451,7.270606601644605,0.0
8.613733135270166,3.1487194170282473,0.0
-9.666030495074985,9.101680308048088,0.0
-8.05628457457364,-8.471700142066368,0.0
-11.849948461824264,5.161729487064164,0.0
-6.350534713590709,1.0142167298456994,0.0
2.150397358548012,1.4579114568491,0.0
-11.962751578309518,-2.675162057434894,0.0
1.6170116107868455,-10.655894599765169,0.0
-11.851461474623791,5.315880879403761,0.0
-4.987058136342701,-2.8372232952651903,0.0
4.933707491178293,6.967909802979082,0.0
-3.384293790292517,-10.739195622245356,0.0
6.473024688861807,5.9334759218238915,0.0
5.663134267270619,6.465211822055064,0.0
-12.510096354139975,1.4157989200348648,0.0
4.509174959611392,-9.49050500052148,0.0
2.8596740233288616,-10.351935438330571,0.0
-12.542898788681745,1.3317772550654228,0.0
-4.739143169172811,-10.35689266732638,0.0
-6.181745881435332,2.3219685188674513,0.0
-11.828785818198178,5.158805840476457,0.0
9.540209148545179,-1.142469913071039,0.0
1.9620083916672988,-10.65276791203114,0.0
0.24006534051738862,-10.886410201603566,0.0
3.2138168497633406,-0.005278888827699002,0.0
-11.287724521875798,-4.453193823226807,0.0
8.935233607921388,2.2738304531062172,0.0
-0.06068984129283767,-4.633656277227326,0.0
-12.377873214087131,3.1250672531892434,0.0
2.3213901259349212,1.2992696481380588,0.0
-2.469471456323503,7.137261536293863,0.0
-5.747578418356067,3.703665706754836,0.0
9.448849795835171,-0.15228349267066077,0.0
-1.1073749619277655,-10.988341834751957,0.0
9.422454643178057,0.42247234837815584,0.0
8.946228425374422,2.1912454403898742,0.0
-6.30371772598784,0.7958615570647457,0.0
3.207148583697581,-1.9420616397779555,0.0
8.615075186882596,-5.005036757741265,0.0
2.9495395738166863,-2.6167992089927754,0.0
-5.7602117584077375,-9.86223267524138,0.0
-4.797276195714506,5.247049092113293,0.0
-12.35456339492822,-1.343694447875416,0.0
-3.125567523684358,-4.241004417276031,0.0
-10.18074654118571,-6.321209095767574,0.0
-10.404464240846965,-6.000918365206425,0.0
1.2920144085080567,-10.755839940674038,0.0
-4.577662823510961,-10.342129922467597,0.0
-3.1403858196017644,-4.205288685271263,0.0
0.5098538913928873,7.97005457061543,0.0
-4.451198870598785,-3.2691974337905045,0.0
9.441981796232758,-2.135453865683546,0.0
8.784493141211232,-4.706813175802465,0.0
-3.287909021341966,6.615708570443114,0.0
-0.36966571558196715,-4.6992962297871355,0.0
8.574010844428964,3.1823719448110754,0.0
-12.396034878821936,3.151302493232108,0.0
7.441292906970165,4.854839172639596,0.0
-9.96558533225676,8.723830445872359,0.0
7.936582273905137,-6.313212026198715,0.0
-5.234439049447082,-10.09766109205239,0.0
-6.061057934413686,-0.7003675331220971,0.0
8.83333925662403,2.5093461183983385,0.0
-3.7955737202945414,6.297169206414341,0.0
-6.255567168652674,1.7666783585132015,0.0
-0.1668601243832189,7.868854902876554,0.0
9.38899843630562,0.3833983116427714,0.0
3.598315190315949,-10.040627165725734,0.0
-11.626240634483107,5.853954830694582,0.0
-6.145216887062789,-0.2540343158253553,0.0
-3.39449173233934,6.572719289981034,0.0
-10.314111244371519,-6.029017604670833,0.0
-4.24695488633621,-3.510760693380139,0.0
1.9799156732753813,-3.6976648000158456,0.0
-0.8017789163088825,7.772773567953344,0.0
2.1144113004219927,7.905244204369233,0.0
2.5025583246344336,1.2375253657931187,0.0
4.750912464392545,7.084051025525962,0.0
-0.5313003157780298,7.793189303341288,0.0
-10.83161388746736,-5.187043772850127,0.0
-10.107282458486214,8.63955187056366,0.0
-5.2182285690269365,4.6576286018568585,0.0
-12.287064798488762,-1.521687777625733,0.0
9.229115699346144,-3.457847443180848,0.0
1.3229958966229172,7.986109886370185,0.0
-11.989871930722272,4.638962233953034,0.0
-11.59284182008494,-3.733402045430687,0.0
9.478590460479046,-0.6087954939466765,0.0
-8.193979512439617,10.733384926814983,0.0
-8.240561704879422,-8.23768466952854,0.0
-5.364244356164629,-2.2194608562363554,0.0
1.7348619620528645,7.906957419001355,0.0
-10.661429341350672,7.668786344329197,0.0
-12.046435489213495,-2.5627678981416864,0.0
5.822883978008189,-8.574203013326082,0.0
-4.73078446707169,5.305154892972793,0.0
7.872678825966058,4.309481596594342,0.0
-6.343088020069919,0.965070195564605,0.0
-8.733801278711946,-7.846825737403277,0.0
-12.174186903895137,4.0390505646249695,0.0
-8.847056930749272,10.082674926520365,0.0
3.12552078338622,0.2923311065363517,0.0
-6.95290024395722,-9.260247058940028,0.0
9.34386438704038,1.08173669000096,0.0
-1.177180827001586,-4.792323565866341,0.0
2.027330781852845,1.5598085670004713,0.0
-12.477793261292407,-0.6437144295057101,0.0
4.852959190591548,-9.25278123363669,0.0
-3.6215089337352775,-10.724313757868819,0.0
-5.018721370672087,4.968992977649007,0.0
3.9623590874661683,7.403368971653796,0.0
-0.11859413089869317,-4.738837301529177,0.0
3.570266137308281,-10.022298029296314,0.0
-12.496374345849997,0.22279226598472715,0.0
-12.386033996729987,-1.022171435435491,0.0
-9.707952164168116,9.217791656581472,0.0
-12.56723210024682,0.8670900716095339,0.0
-10.979603896138773,7.182962366112845,0.0
-6.282156571237481,0.6344317633344985,0.0
1.9590443295278046,-3.8203205711719286,0.0
-6.10287120388545,-0.4164711898112407,0.0
4.0034531745096995,-9.776403776455123,0.0
-6.249566132978463,0.5220940196629837,0.0
-5.4178904497208515,-2.1438688440080362,0.0
8.418668094306785,3.4682843155130363,0.0
-3.297931723469943,-10.757102564680142,0.0
-3.606884412132056,6.458001873340492,0.0
-11.928396338833998,-2.858950235804365,0.0
2.8014333038926846,0.7800496702943085,0.0
2.6155024155635065,7.784171745622124,0.0
-7.3870220846490104,-8.995252306014942,0.0
2.5948807285034885,7.819530511784964,0.0
-6.306616511146094,0.4448687418589242,0.0
1.9410006296604752,-3.71836413502817,0.0
-8.718883872589503,-7.903480645143425,0.0
3.097934925554472,0.2734769261036062,0.0
5.02072470018501,6.912840215240581,0.0
-5.287180581869133,4.528780257235819,0.0
-6.249596263817071,0.15141775255127687,0.0
5.967427680206613,-8.528384590551704,0.0
9.491864869673364,0.34715277038993964,0.0
-5.114295898335577,-2.6939685441508154,0.0
-8.735822007457907,-7.8419556285065495,0.0
-7.065119552579201,-9.12343756098488,0.0
5.914236703438636,6.327101856644299,0.0
1.0400462213343222,-4.337627533829175,0.0
-8.26857000771131,10.615645766986942,0.0
8.480234231372346,-5.24585678665571,0.0
-3.761132704543886,-10.59719372857223,0.0
4.105495477563156,7.344941578836429,0.0
2.9827620140442703,0.6128261011327995,0.0
-7.779703759856727,11.077254943817364,0.0
1.5513333965085192,-10.681597740838408,0.0
1.50797823388177,-10.71207715012157,0.0
-9.108610718372795,-7.52731295905524,0.0
-2.8768714362011347,6.854435307315335,0.0
1.4877117191968634,-4.121745504034484,0.0
-12.23535784864211,-1.7211868860880635,0.0
-2.5784060754007796,7.081553398401757,0.0
-9.71600429161921,9.095605623016878,0.0
-12.546724193302515,1.074986071225904,0.0
-1.2696588923959349,-11.02001739537169,0.0
-6.002054986873423,2.964443388521487,0.0
9.521384472045957,-0.005605483394280301,0.0
-11.141407373785963,6.87744159525043,0.0
9.487645229917547,-1.014122641195175,0.0
-5.010727159345138,4.9477185426847035,0.0
-1.1448322718190642,-11.033598337993446,0.0
1.9730667767798176,-3.696821333498236,0.0
6.717449199487023,5.709505019453433,0.0
-11.172639270239353,-4.605103395943727,0.0
-12.073295563061299,-2.489045111311134,0.0
-11.848439164706393,-3.0440393694085484,0.0
1.4648337152577242,-4.080567490380873,0.0
0.2539989675745734,7.881546972157796,0.0
-0.09219297675800109,-10.928733245256224,0.0
3.4575231652194223,-10.084920324349074,0.0
5.674087771151672,-8.782822448389627,0.0
-2.9163208329815946,-4.31231844597417,0.0
-10.211158879491874,8.400967951404054,0.0
-11.79106872983548,-3.1903878242002457,0.0
-1.7154400639617648,7.447655100019015,0.0
0.8239962392070598,1.8165693467248687,0.0
1.4090071836390767,-4.161128669848106,0.0
-4.13379115627922,6.035419965986547,0.0
-12.21131151855275,3.9581887509186826,0.0
-5.243225948019639,-10.163169197802166,0.0
1.71709536128986,-3.8815013854425433,0.0
4.814770725178937,-9.40719831127289,0.0
8.104648683317098,3.990283220617007,0.0
8.668147102377949,2.879397136017297,0.0
9.23944478475078,-3.488832667725785,0.0
-1.8669660604417835,7.381351641027884,0.0
-6.256909965903194,1.9131580392284018,0.0
-11.755014096988367,5.525099272907516,0.0
-12.410750586738287,-0.756518143578919,0.0
-0.32692095017447476,-10.966519978900934,0.0
9.452601510966634,0.29159122657578984,0.0
-7.280703098521603,-9.049913947258577,0.0
-0.28998024187722,1.2018736308794002,0.0
-9.128471572948857,-7.496081235479002,0.0
2.6462990234978214,-2.966715325101731,0.0
9.350181006952413,1.0176916349474903,0.0
-6.9216120939695625,-9.270699357461009,0.0
-12.474163989999996,-0.0791558890635433,0.0
0.4941852272593768,7.913566103561567,0.0
0.1541361659631031,-4.671394942198348,0.0
-11.785811088472085,5.4408573732751435,0.0
-11.18141823239217,6.842644949633368,0.0
9.221380143856129,-3.413953989178893,0.0
7.915845183313536,-6.344412720200676,0.0
-11.559020234673264,-3.721197393554977,0.0
1.860384779418564,-10.651741987740984,0.0
0.4171106037194483,7.9792076254643085,0.0
-12.09747777827781,4.472806910310892,0.0
2.410312865414772,-10.493175224238373,0.0
-0.44754599819228946,0.3575820924523215,0.0
-7.788448862507561,-8.638783827257182,0.0
-9.885332018213585,8.835806981814276,0.0
0.05558167605178899,-10.975181696425304,0.0
3.303522595219717,-0.6244534055270117,0.0
-4.209232714600271,-10.501948324610227,0.0
-12.305467968337313,3.4019772404359436,0.0
8.652883550974327,2.8847501108566815,0.0
-12.533701240732084,2.3990113248206035,0.0
-6.349247948822074,1.4099927586729077,0.0
3.08595627945022,0.4743643594239842,0.0
7.338780211215281,-7.143919448278482,0.0
1.8691842264495468,-10.640121910160968,0.0
9.396518968199228,-2.533792023655852,0.0
6.080486113550809,6.211388928318339,0.0
-0.7619682421619676,-4.81262634932926,0.0
-10.747732985455784,7.660181427287336,0.0
-11.870226856140311,5.233705967453785,0.0
9.453743563983604,-2.15670767210769,0.0
-11.953112082303239,4.877741285256481,0.0
-10.599945813293134,7.7820248438614446,0.0
0.1581742864333802,-10.953472316182598,0.0
-5.83011974293596,-1.2387309285623735,0.0
-11.855964195532161,-3.200906963523239,0.0
4.132851456934384,-9.670251402147366,0.0
7.914058990408868,-6.332532282363985,0.0
-6.276991375917927,0.9455775442894082,0.0
-0.06367612806782796,1.5514258670301904,0.0
-5.992810196792498,-1.012837912060222,0.0
-4.00076295906458,6.073734840450964,0.0
3.233710121614015,-10.168162129421479,0.0
9.488894889757438,-0.9428879570266814,0.0
-11.847178373817073,-3.1703748192813967,0.0
2.917665748903223,-2.592616171065593,0.0
9.010378281047583,-3.9579693717344213,0.0
-11.618460610669114,5.766085330179991,0.0
9.273990622867682,-3.1387023727148216,0.0
-0.362842305169684,-4.6861370958641215,0.0
-9.38906985634494,-7.290641480500626,0.0
-5.550587330273977,-1.9654381858617,0.0
-4.028152148617329,-3.7171396970816595,0.0
-0.7888653699926531,7.721705410484905,0.0
-12.473546256184797,-0.634058516296867,0.0
-12.526476857155574,1.0048636457773843,0.0
9.028471539799515,2.166250992589513,0.0
-2.712854406128195,-10.847123657236624,0.0
-10.534998893714247,7.931446501595772,0.0
-6.9167334168313666,-9.300688689237546,0.0
1.8459871403257122,-10.677132485518406,0.0
8.771916873985406,-4.7389954546987285,0.0
6.352067726510419,6.045305598106676,0.0
7.205578963677759,5.090947759413357,0.0
-1.341400126269975,-10.967546104055051,0.0
-1.9703294686608852,7.372115039773807,0.0
8.501800307929633,-5.263862854743255,0.0
-11.109093629914746,-4.8411189476270655,0.0
-9.839671837493412,-6.642796587183589,0.0
9.550094797856895,-1.1217324416948262,0.0
-5.05909851027515,-10.23360410975405,0.0
-11.470966041850017,-4.086558465513454,0.0
0.039101784256281066,-4.631575290251633,0.0
8.631825311800442,-4.914800801907943,0.0
0.48397364260044684,-10.851584438553127,0.0
-7.494583547390999,-8.85228899133317,0.0
-0.7528561412489262,-4.797052658321299,0.0
3.212394396289275,-1.7568246375523027,0.0
-6.187670288648859,-9.658246626272232,0.0
-1.1159193343038338,7.675162060885517,0.0
-6.061450132915536,2.756315367715627,0.0
8.965785758871704,-4.04847796118743,0.0
6.660057573955339,-7.817683037379337,0.0
-6.118278776024565,-0.7053528159152878,0.0
-4.15536770240171,-3.6377979329710213,0.0
9.313222077610522,1.236316316231652,0.0
-9.914831692244784,8.814872756460764,0.0
-0.0025860612181009546,-4.670304335919174,0.0
2.938733752403185,0.7019466293697572,0.0
9.203627381144514,1.4849174052848917,0.0
-11.62328736518885,5.695879321365761,0.0
0.35146344645406313,-10.908804142092576,0.0
-0.18237953087446845,1.464940196282212,0.0
1.582984171149594,7.907561976329515,0.0
-6.288469055158522,0.3766177497066023,0.0
-7.596993930256207,11.256557765619288,0.0
-0.7346359082441146,-11.034711997601436,0.0
-3.0821961977488326,-10.783009393277023,0.0
-1.1102148122548876,7.660673650909464,0.0
-11.80899187486593,-3.2031156314564058,0.0
6.915351044806936,-7.518273494062387,0.0
-3.3437170469794997,6.5813372497848555,0.0
-9.176634825151048,-7.413242612240825,0.0
7.620713082751442,4.724973902375103,0.0
-11.643944263318408,5.7457431075605045,0.0
8.834623416161065,-4.597484172524491,0.0
-5.164216732012902,-2.51297087604082,0.0
0.9018438954514642,7.949120503157774,0.0
4.8020248998538175,7.0883476236333065,0.0
-0.03541740199396042,-4.6639808255594595,0.0
-1.481133517772486,-11.02889731639196,0.0
-12.380337026941149,-1.1756931909312018,0.0
-6.311839175224662,1.2838258100288025,0.0
3.2052826569156965,-0.0974560928862552,0.0
-5.4902721596394395,4.0905663646593,0.0
-3.8783320002371307,6.22044141911529,0.0
2.602246342463181,7.856364671564711,0.0
-5.925825240583594,-9.764749250732029,0.0
-11.607993933558802,-3.670788524808718,0.0
4.976061448585726,-9.226426755643018,0.0
9.510362636282808,-0.22015606297392254,0.0
8.096071355109562,-5.957406806667892,0.0
4.849141406180362,-9.347808637524718,0.0
-0.8021524281634327,-4.786690060265226,0.0
-8.459037827450116,-8.119400768182118,0.0
9.406911764931237,0.2209323985126099,0.0
0.31335997504176855,-10.958657240784527,0.0
-4.307269949593652,-10.45892545767007,0.0
0.9923177004294793,-10.833093294446352,0.0
-8.814666965590824,-7.767560774142078,0.0
3.863323521333795,7.48694743098914,0.0
-10.92884974539022,7.323564177662098,0.0
-2.791356013245467,-10.796544185993074,0.0
-4.980330086084106,5.044931362270981,0.0
9.417946051754639,-2.205681987729926,0.0
-3.02267108852037,-10.761781001011354,0.0
9.482733500372316,-0.5984298657772129,0.0
9.276977483495351,-3.2170939705318795,0.0
2.708500053679451,1.0039721923535967,0.0
-5.203156769420703,4.730210680686066,0.0
-11.760236429344369,5.549783803297403,0.0
3.145640692619146,0.30842597694469687,0.0
-5.690465290960795,-1.7075920846478227,0.0
-3.820746458051495,6.265723961342455,0.0
-11.248899712910951,-4.505929502919437,0.0
1.0539826120439177,-10.78590647690238,0.0
-10.403301881958132,8.095418638207395,0.0
-12.124434240511173,-2.101736199895719,0.0
4.4427368749507625,7.167757139248733,0.0
0.2208262678631929,7.923986793547598,0.0
-10.977122641137408,-5.051011163834091,0.0
-9.838697732946537,8.934985563633438,0.0
-3.0294483082214865,-4.281618044400775,0.0
-1.1583590994930606,-4.709545368365236,0.0
-11.360959166354178,-4.151320523564847,0.0
9.163193935252483,1.803160449271796,0.0
8.520584084296122,-5.277126865383115,0.0
-6.2323141757929434,-9.666465617781373,0.0
3.7117190023227917,7.515370608989215,0.0
0.8380844445814669,1.9021277819758564,0.0
-1.642923714823668,-4.692619008835265,0.0
4.353526821591018,-9.643750916212825,0.0
2.3944418308689435,1.2694156164450952,0.0
0.20587673352760785,7.88865478396471,0.0
8.703933618383655,-4.836281571411997,0.0
-11.209758240390098,-4.610188201564451,0.0
-6.26373053525411,1.3245349988956634,0.0
-2.0895940173970313,7.3008054582316815,0.0
0.1900202878240022,1.7125427860820386,0.0
-12.530028382561357,2.4560315888621203,0.0
-7.375767640393456,11.393791593840472,0.0
-12.336325241066447,3.263543510024112,0.0
4.052408152063106,-9.825163263888173,0.0
-12.176743727615081,4.083763785415453,0.0
6.378808866926246,-8.156154528722265,0.0
-9.653163917235299,9.129679509117485,0.0
-12.28603674772331,-1.7082509732094011,0.0
-9.765594725110173,8.97687231498918,0.0
9.471724730962553,-2.053100270646246,0.0
-6.236012335571183,0.02314952525584086,0.0
7.027987000793901,5.318420532316987,0.0
-12.41472837291201,2.6772129965840783,0.0
-3.2284550352616637,-10.757848258618171,0.0
-2.6885214108836344,-10.851529717956609,0.0
-8.393871351751017,10.479005911334385,0.0
0.33334551588115796,-10.938976512324556,0.0
-9.332241477217043,9.593325292334166,0.0
-3.2408865213181883,6.7107178190281855,0.0
-3.8311580461685604,-10.637923607992574,0.0
9.499089512854328,-0.49495230070025753,0.0
-6.332955561839042,1.357421417091809,0.0
7.320733135600376,-7.04326133761721,0.0
-11.339860246848295,-4.398747129133631,0.0
1.0546414618574451,-4.329608595652544,0.0
0.49508324086930877,7.972722897080462,0.0
5.852767374369032,-8.558864696035556,0.0
1.9842317575706576,-3.758157787377047,0.0
-8.035583971264861,10.785376580580172,0.0
6.62427501657408,9.432923064278638,1.0
0.3189434406476741,4.739206448591406,1.0
0.04185183738166592,10.9940287682087,1.0
12.422629678564538,0.7226520462583617,1.0
-8.94668425689306,-2.268332853148486,1.0
2.7340463848255396,-6.948322985603848,1.0
-3.1645826728158877,2.0587258948265235,1.0
10.865966987638226,5.106467229299468,1.0
12.461966604063042,-2.7781336089383704,1.0
6.818365784832513,9.408647701914566,1.0
4.368698094814786,10.490114481673928,1.0
-9.352146188018112,2.809742316364182,1.0
0.9755713541532993,4.791069182879468,1.0
-9.209940782019986,-1.3240931999629073,1.0
8.769549215825068,-10.181000325273619,1.0
5.960191650516014,1.0328642951640534,1.0
8.670797505355761,7.947410404568164,1.0
3.1785930702287,-6.774716774720968,1.0
12.563714014498219,-0.6207783515762507,1.0
-6.591045801403736,7.867954043620075,1.0
12.23149708824526,-3.824978226069434,1.0
6.139101134303387,-2.414492039532219,1.0
2.8427793703613617,4.355605655535037,1.0
1.9463869840157524,-7.370304094513798,1.0
12.2551101083651,-3.701020311825953,1.0
8.125152512705174,8.373895443131268,1.0
-5.33561551235737,8.9198219014492,1.0
-6.144114488020004,-6.180729666960188,1.0
0.4118504264795578,-0.25004632182300357,1.0
-8.761248249490976,4.678647629390833,1.0
-3.091786258435801,-0.20853125325859168,1.0
-9.554006725712501,0.5566121157403954,1.0
7.5074847896039785,-11.35617706387592,1.0
6.250115152618352,-0.4714293830001466,1.0
10.34418099245085,6.065864182363484,1.0
2.8870235559999586,4.3206401519526745,1.0
3.868811879862178,-6.140351088602058,1.0
-7.188547155308709,-5.277498281051807,1.0
-3.5531308497889977,10.016589874931976,1.0
9.311336163640139,7.231350802618013,1.0
6.094660450220589,-2.546428185853101,1.0
3.670623171304409,-6.398371116158566,1.0
-8.335542566058672,5.526719985181234,1.0
-1.6483359598893408,-1.7356546101897437,1.0
-2.7745065684544246,-0.8708332924714701,1.0
3.420947410250368,-6.595318094749513,1.0
6.288425575694423,-0.22236902275509637,1.0
12.33480877089402,-3.396344687145695,1.0
-6.614028618772175,7.966485512420547,1.0
4.234285895310985,3.5591959195719287,1.0
6.014356664911995,0.8794778686004147,1.0
-5.822007250538251,-6.387296207569038,1.0
-9.494400916888488,1.7315167190854004,1.0
-2.2584548137864244,3.468562015418155,1.0
6.481279917407895,9.482181242425183,1.0
0.4581391364719721,4.7019279420003075,1.0
-2.2540293383319425,-1.3969402307643473,1.0
12.495065813555847,-2.2993699735157063,1.0
-8.356526774188781,-3.6243770694603477,1.0
6.359250570656037,-1.0792681337317473,1.0
-1.0305378973032198,4.360477815567401,1.0
-0.8517486441852635,-1.9037613358126273,1.0
-2.598815855306876,-7.849432888149197,1.0
12.540290290853283,-0.06294689470883166,1.0
-7.34586888738143,-4.932990696969517,1.0
12.080694619154439,-4.462204708441526,1.0
1.9438829586632735,4.677807293477559,1.0
4.813020864845852,10.311881027036888,1.0
3.915092098653478,3.817820456691221,1.0
-8.582855835087413,-3.1245943028799545,1.0
12.504909323802686,-1.8311869586679617,1.0
8.678880673660606,7.989910991568839,1.0
-5.925745486403104,8.522012974529362,1.0
5.100589433847756,2.685156857563811,1.0
11.093540928945568,-6.959721685386226,1.0
-9.449859791066137,-0.36764639284333817,1.0
-8.15421292775413,-4.012977177731294,1.0
-7.179290313920888,7.302206631090773,1.0
0.4896420135780039,4.710880895633595,1.0
-6.019151549840679,8.395363548379136,1.0
11.743219216959423,-5.531177982445968,1.0
12.432856044633528,0.39222686236150106,1.0
12.223588872705927,-4.021296302601566,1.0
-2.717844764723252,2.8892317082214953,1.0
-8.922400764217272,-2.3100071744982866,1.0
-1.0457615927535877,-1.8581625646398188,1.0
-8.536097130357767,5.161344186597728,1.0
3.035154145357891,-6.810992309474813,1.0
7.09691232816351,-11.579071093918083,1.0
5.408932563504908,2.149808656192982,1.0
1.4859302160286392,-7.542597683507666,1.0
7.211287509734975,9.045830788757051,1.0
-9.325647636328785,-1.131197282369755,1.0
8.327036753078005,8.276868591795907,1.0
-8.381497587988319,5.478764142644769,1.0
8.312312192501095,-10.645728316362563,1.0
-0.1281434112488489,-1.7057242336195055,1.0
5.670275313169404,-3.7489130237854726,1.0
10.52517598122826,-8.015054796704264,1.0
11.903537254989029,2.9626367462164747,1.0
0.25204819765487324,10.92328410690224,1.0
-3.3334140922864615,0.5598597957097938,1.0
-4.630310621119052,-7.063067492551175,1.0
10.47860808641635,-8.016648046362485,1.0
4.326523489301987,3.435307522150407,1.0
9.487381649214056,-9.348439400683716,1.0
5.896074484481226,1.29902372641579,1.0
2.014730505548936,10.901061571880097,1.0
6.20762120610859,-2.203735592848032,1.0
3.033032302386429,10.808118650973938,1.0
-0.7815128250734797,4.428570068016584,1.0
5.157304607013271,2.47576807560593,1.0
-8.720156743195975,4.659841011081908,1.0
0.2690938417817374,-1.3301701770396603,1.0
5.101853843157839,2.666155440166691,1.0
9.171668373750064,7.500908648646352,1.0
-6.596037957448719,-5.782494241503838,1.0
0.6982877363722633,-7.737236338703669,1.0
-6.929552404755004,-5.417771416222323,1.0
7.406436495600417,8.924361502183787,1.0
-7.575850431794025,-4.645234854730897,1.0
11.788450261556045,-5.414285123495834,1.0
-3.292875738362384,1.0388415659547166,1.0
-2.0753749608248127,3.597269562227626,1.0
2.436608719235287,4.483457551102245,1.0
0.5289757538682135,4.747254830507308,1.0
10.041414381512975,-8.66581235343244,1.0
1.9023755020394717,10.958803954402018,1.0
2.9849988066581075,-6.814626240432276,1.0
9.584842953359653,7.079321579380353,1.0
6.2932535168363115,-1.262245705886736,1.0
12.553965897971782,-0.5625588553177827,1.0
11.911152400557802,2.979148974300155,1.0
-1.994571815306981,10.631997964815689,1.0
2.7942720830077317,10.824733182850379,1.0
-9.29158754088407,3.1695989616602622,1.0
-9.540295171713323,0.8642217961986203,1.0
-9.404896020118821,-0.7447167026739213,1.0
12.522143315179541,0.1500092062081942,1.0
6.119177317792206,-2.7072339823202616,1.0
10.680375772290514,-7.651769761794269,1.0
-0.91272762999421,4.3335213442936285,1.0
11.549796172203111,3.792434624472851,1.0
5.5310373189302195,-4.105230880387018,1.0
-6.358760135649654,-6.00781371758547,1.0
4.6851609072696325,10.38308092816086,1.0
7.8163018455298445,-10.997702774059245,1.0
-0.981111281477944,10.821662073674068,1.0
12.191331937260623,2.0966564160417747,1.0
6.170323501234304,-2.2031281163821212,1.0
-1.3129209723734239,10.761830798840885,1.0
10.609853827594556,5.578850366989801,1.0
-0.5572876763361944,-1.8547152725699534,1.0
4.170271905820737,10.49910591743894,1.0
-2.0981850125338393,-7.935089295201667,1.0
-7.0119512467620435,7.44518444487709,1.0
-8.67913130049192,4.891934802843529,1.0
1.2668555930094942,4.753110726543809,1.0
11.66851722866862,3.4859735834588625,1.0
6.2983030485807285,-1.776452744699679,1.0
-1.0393395540412127,4.3827760205366255,1.0
-0.579702588925606,4.475316442343954,1.0
1.7349590059862519,10.91803073215105,1.0
-0.8657082588300437,4.411991667623574,1.0
-8.535381536004644,-3.259596011196027,1.0
0.17710055150323464,-7.845975249791374,1.0
6.144721808268142,9.732792841604146,1.0
-2.8026362988874918,10.370660300926627,1.0
-0.7474832555324354,-1.8507101300046236,1.0
-9.348224542832236,-0.8972622445172334,1.0
11.394747135090704,4.118045069682334,1.0
4.672401021101464,3.125079619007864,1.0
12.427145612920738,-2.6532599425265366,1.0
12.508874349057288,-0.21669709828581085,1.0
0.7785590247385598,-7.778540741427351,1.0
-5.133032108283418,9.112554801337748,1.0
-9.26222552509628,-1.2312618812622431,1.0
-7.833769658955284,6.347657831467219,1.0
0.22709122312599694,-7.867829283999607,1.0
-9.516424905104003,1.8337560717578418,1.0
-0.16251733913103517,-1.6972395885349663,1.0
-1.0015277977089725,4.334910530035359,1.0
9.341022935955415,-9.521059506301402,1.0
12.250597960654638,1.5846753593853393,1.0
-7.166124127412228,-5.244679914124401,1.0
12.354922612844295,1.246686926269261,1.0
4.8846003654075085,2.8827292836336134,1.0
6.297481403299558,-0.6847677586325208,1.0
9.826011224602249,6.655718003374598,1.0
-9.45482370432559,2.313257333746576,1.0
-6.880090910447805,7.607819536142301,1.0
12.5699777571066,-1.0191629931702686,1.0
-9.198903681172023,3.4363602039279595,1.0
5.565419136075271,1.9583649218641102,1.0
11.53507079096963,3.9947701918981,1.0
-3.199059182720521,-0.08908628964517888,1.0
4.922067998237182,2.771310765958919,1.0
-8.326469345973589,-3.542661456424931,1.0
9.584740164694475,-9.317952169565398,1.0
9.644343646118632,6.990608943410934,1.0
7.753336600438072,8.669178815995238,1.0
12.330922392536353,-3.1836034213194604,1.0
-5.609656661936106,-6.539975614760968,1.0
-0.44731608842964143,-7.949515107565445,1.0
2.0639239929795834,4.6770567268781535,1.0
-3.2693341766154584,0.26857594716254185,1.0
12.406257166874921,0.6487985533349276,1.0
-3.3246842138108597,0.9968233428382702,1.0
-8.199133997766607,-3.9041350104544796,1.0
-9.48344215125993,0.33680713289494757,1.0
-7.381263455149847,7.0446526760722445,1.0
-4.914139623411703,9.217799935756975,1.0
10.73833478582803,-7.525747319634621,1.0
11.865293055885461,-5.300763797264192,1.0
-9.483443740999778,1.8819748104639469,1.0
7.274789513503541,-11.505566596550917,1.0
-4.627097577785758,-7.1464573890324194,1.0
8.44663783864183,8.115750966552914,1.0
-6.310738143675234,-6.069993561784666,1.0
10.151041594929174,-8.486248254365671,1.0
7.617860784225374,8.816504546603111,1.0
1.8521897166427566,4.671839916652739,1.0
-9.466288645516768,1.8302508602109784,1.0
-0.7547338297415682,-7.969558055805322,1.0
-1.3571000648044684,4.141856694533186,1.0
-1.8401487075286969,-1.6595272759076822,1.0
0.10087170282918034,-7.855392263220469,1.0
4.690715280480023,10.296320513979175,1.0
-3.1408719746239733,10.20333283578661,1.0
2.2622507051223733,-7.213670929424805,1.0
-2.271092277649297,10.504171901488732,1.0
-9.499737570186783,0.9653839019365729,1.0
-5.10786067474848,-6.852543902555649,1.0
-2.2940424335081873,3.3484785640612675,1.0
-1.923462146547204,10.56956036999636,1.0
-6.408109419904251,-5.981049928727884,1.0
-1.4444637675401735,-7.936456160271174,1.0
6.184042077648374,-2.002637041194503,1.0
2.4683997290657165,-7.086279569320551,1.0
2.4233879237146168,10.877097640388335,1.0
11.96164414928511,2.9195889629689913,1.0
5.895087407735546,1.1147182791996666,1.0
2.758929499630931,-6.993501039245035,1.0
-9.263515980780548,3.227742037490637,1.0
-7.350690981266137,-4.9577147948550975,1.0
11.637126095233741,3.6606885722198785,1.0
-0.583770881066201,4.550118719371311,1.0
-8.57032600004116,-3.2441371920923396,1.0
5.497601415702724,2.140465156061437,1.0
3.9195750418295905,3.7557826306382154,1.0
-1.485140093332005,10.697143277186072,1.0
0.4822799472426089,-0.6048150587980187,1.0
7.60470299406116,-11.206240796045009,1.0
8.160161253821034,-10.742324567134464,1.0
11.59818796370063,-5.94549258250763,1.0
10.03429112894048,-8.662910539309973,1.0
9.123173685084005,7.446191112913387,1.0
11.247229049898815,4.549236114093542,1.0
-7.079312780370128,7.41863490945604,1.0
-3.6089840944061886,-7.542747877863609,1.0
5.340816093821781,10.047806739824479,1.0
-1.7778705527895347,-7.901901745475218,1.0
-7.795705736567236,-4.438617376047371,1.0
-4.304521910254412,9.601998372792696,1.0
-1.3195312513031494,-1.7868275756219751,1.0
-9.004618866708409,-2.0835823533158275,1.0
-7.346931267335069,7.060091276808986,1.0
-6.897557015744518,-5.503096860820118,1.0
6.208962615373631,-0.05092757035097933,1.0
10.500740323342312,5.8375960058971605,1.0
6.235171718445864,-1.828073660644777,1.0
2.3570373273342917,4.532776584424764,1.0
5.958318376115278,9.779904920779268,1.0
1.7830650731044897,-7.3886178278209975,1.0
12.094684509385926,2.297109356174528,1.0
-9.525212243082661,1.1523455627936057,1.0
12.389405585003018,1.2841229341938767,1.0
1.7347841612576294,10.92105230203925,1.0
-3.2635197097593758,-7.675369469814843,1.0
-0.12940817763068907,10.923130649082264,1.0
7.541550562792037,-11.284800276871271,1.0
-0.052225016912020764,4.69876204480015,1.0
4.868200304563387,2.926469597982874,1.0
-8.147809573580584,-3.9824979548918233,1.0
-9.459041331603414,2.389181491492328,1.0
9.152328109912538,-9.784090669232056,1.0
-3.7839765805394383,9.916485464403715,1.0
12.346493070840326,0.991739343040874,1.0
6.725246085814786,9.404566274048193,1.0
9.683881166471364,-9.14356220960915,1.0
11.432828137497546,4.191079158975605,1.0
3.8607527152102095,10.634563137706945,1.0
1.0533614113020642,-7.69777598656674,1.0
11.649233885597784,-5.731827212287283,1.0
11.303604831905146,4.286158973747634,1.0
-2.905146578627072,2.7121251072704418,1.0
-2.934174623798604,10.231090791283718,1.0
1.6282658786435422,4.709070973310789,1.0
11.041602547326642,4.997121681383723,1.0
-7.711570853693427,6.639301918398254,1.0
-3.041518149969691,-0.33891210384324166,1.0
12.234889020794784,1.9557315890942748,1.0
-1.1902327661275984,-7.955398975840493,1.0
5.465049915055487,-4.34059651180898,1.0
-8.612080454698587,4.971784558976643,1.0
11.494769337207222,3.923988257128472,1.0
-7.601494750498151,-4.709647291746516,1.0
6.233249932881756,9.687405959991366,1.0
-2.8953065439702703,-0.5779517724303731,1.0
-3.2792478862982297,1.2447415783837705,1.0
-8.201534053621728,-3.8245497123945698,1.0
3.617511597287057,10.666183343418233,1.0
3.6541817648183863,-6.344145588219018,1.0
3.927342883858968,10.542271777221142,1.0
5.974295104214378,-3.0921718867777486,1.0
4.9753655157530385,-5.077991880953666,1.0
-7.2509075821404485,-5.110710074540867,1.0
-6.269842766879713,-6.121441376512602,1.0
1.3875547210546875,-7.597551313386495,1.0
-3.230378182536735,10.11642733565152,1.0
1.2144943945145712,11.026156071877192,1.0
4.763781543731197,3.0615844283979707,1.0
-8.66400621460656,-2.9924201488420166,1.0
9.532998947053233,7.071416829706068,1.0
-6.583331678415534,7.890154618049283,1.0
10.100469026174595,-8.561438102624466,1.0
-6.748612819639757,7.7555447470273275,1.0
-8.863055320405294,-2.5571176868551766,1.0
-8.31558775517404,5.586086450884231,1.0
6.579221313365839,9.453871452068464,1.0
4.432899535706653,10.437096234038462,1.0
-5.012191610475865,9.260386189578657,1.0
-0.19829836640320914,-1.669835255654971,1.0
-0.3300592957382965,-1.75482615288302,1.0
10.215196343189417,-8.404426224383343,1.0
-0.22024087267676457,4.6423064447759534,1.0
-8.583428024117836,5.079032762597381,1.0
5.642338852869223,-4.033414143228985,1.0
-3.0267868077350317,-0.5956800308844816,1.0
-2.8327918362426026,-7.804444513675027,1.0
7.860122961262817,8.576494545407462,1.0
6.208659964220521,-2.1816428643949237,1.0
2.477413016322647,4.457574498744297,1.0
-1.9834889226520782,3.7513934816093966,1.0
2.364217282443966,4.510449914019379,1.0
-9.070256248350017,3.9525461499280343,1.0
4.7753859984835865,3.0622272027147672,1.0
-6.966812736945949,7.54094296264499,1.0
-1.5826943308478572,-7.9217265007991635,1.0
2.5243171151456987,4.536032110204215,1.0
-2.998732720446584,2.4197803099096813,1.0
12.198265291692573,-4.113571592361386,1.0
-8.483562919964704,-3.4116227430051156,1.0
0.46094869455671605,-7.783592513245459,1.0
-4.209493368951733,9.728375175331896,1.0
-9.414873859706779,2.647346074929087,1.0
5.12781279280877,10.122867863267702,1.0
6.2771922946071514,-1.294461973906927,1.0
-6.491360971335897,7.964069260430824,1.0
0.4703816574660319,-0.6864379399786387,1.0
6.89265479459803,9.290870823547301,1.0
-6.393333965193652,8.07190777985767,1.0
-3.2103417370984557,-7.629361029394087,1.0
1.7113942454285231,-7.4731938787071535,1.0
-2.281198327553129,-7.883001880446459,1.0
1.4182220882147027,-7.590314962645645,1.0
-4.367480714158194,-7.206120533770118,1.0
11.105784032207534,-6.848032220943739,1.0
-4.811293689437579,9.360469646923335,1.0
0.4365093849444956,-1.0630380905106145,1.0
6.0379722581107655,0.6506443751562204,1.0
-9.151640948389003,3.8077994966494084,1.0
6.9244538685041634,-11.714307785179525,1.0
4.896402154730888,-5.190459819096622,1.0
-8.23766967847188,5.689126786105983,1.0
-1.5277378631767404,-7.946136089861047,1.0
2.4741463791427574,10.88761242805476,1.0
9.721154776202416,6.811295698266628,1.0
12.216546879087643,-4.076684919659032,1.0
11.008479711792166,-7.095845298626045,1.0
-6.194507775317022,-6.14110546691909,1.0
-0.5582343942170519,10.877373878022722,1.0
0.7657395445446938,10.983427946515034,1.0
9.844746262485764,-8.986292089093666,1.0
9.260437018609014,7.345417035081097,1.0
4.910818350828189,-5.104414779081632,1.0
-8.20168686874332,5.838321991697564,1.0
11.688729568655864,3.540618061271095,1.0
-8.792083679864954,4.696166375424884,1.0
-6.450187316410284,8.138344125812079,1.0
-4.295208895862273,9.613284263603335,1.0
3.624040935448697,10.669129841086761,1.0
-8.70592731270855,-2.8337999049636777,1.0
10.141452344292814,-8.511103593372056,1.0
0.7707407353102405,-7.718667648399856,1.0
10.416280961548912,-8.209340546034623,1.0
5.172838387373755,2.5881737404998595,1.0
-0.2916948218003702,-7.94145373874337,1.0
4.595417593807283,-5.481825657732676,1.0
5.742298748322977,-3.833437358120288,1.0
-0.6686771959511405,-1.8614366248994958,1.0
9.281339343024497,-9.684795824797705,1.0
-9.20381384838746,-1.4939494121251244,1.0
0.7444707485522241,4.740832750711843,1.0
-2.3111439231039754,3.4330709960240533,1.0
-7.030852606727124,-5.360835047934159,1.0
-1.485797099935862,10.757158594065514,1.0
0.6559134862555621,-7.799538404378395,1.0
11.478888269293817,-6.236779112112712,1.0
3.4651610415304526,-6.585561593469843,1.0
-3.2683703003043894,1.4202313909044828,1.0
5.146410331756432,10.212533480012508,1.0
11.934441082267139,-5.0599561662740395,1.0
11.598397624872137,-5.931594489463643,1.0
-4.685061283848856,9.468106325824278,1.0
-9.209997940702232,-1.4504773112139087,1.0
4.1623036700143965,3.5681722776210667,1.0
-5.6561694522124,8.715826522656089,1.0
-8.590594087596799,-3.022046844403055,1.0
-6.061081760444353,-6.208289219866851,1.0
-9.496203512020772,1.995272788240237,1.0
-9.159497488361245,3.452275592107007,1.0
-8.51544543805348,-3.1853589408913026,1.0
2.978916083422983,-6.906598214948789,1.0
12.04451371865438,2.481617534295572,1.0
11.889794089821427,-5.158777638220821,1.0
2.131846923701042,-7.326763489010512,1.0
-1.9673047895449318,10.622313455668447,1.0
-1.5820600018191675,-7.995131237047658,1.0
8.022622593737065,-10.88703225742255,1.0
-1.0962606801383719,-1.8366843172755034,1.0
-3.985829039214779,-7.455673446682075,1.0
-3.174447851405616,-0.24462784593463557,1.0
1.7585309880074824,10.951674962861228,1.0
-7.424126903610355,-4.915307028519244,1.0
12.183331382242695,2.0984463260585002,1.0
-0.03760507118941479,10.920669185773155,1.0
3.516724474309056,4.06809280027031,1.0
0.3043586232240375,-0.18452730320590247,1.0
-1.09473266864408,4.328577947075259,1.0
6.271255809812537,-0.9126081947270733,1.0
-9.286839373844295,-1.2842932711511548,1.0
9.086154114226408,-9.839030449013697,1.0
-2.5556517686510087,-1.1507035383955546,1.0
12.472336652419356,0.09519316730388486,1.0
-8.359823673503632,5.605828021650716,1.0
0.8502408903542532,-7.699467664578132,1.0
-8.57255371680762,5.075599484518262,1.0
6.137600615361572,0.5214018905185421,1.0
-8.993238908771106,-2.2363199207651387,1.0
11.581154136604592,-6.037064686633071,1.0
10.20226136831044,6.130470489136495,1.0
7.39853069823854,-11.392883025851043,1.0
2.9006828051370674,10.82324648672904,1.0
9.067599392623006,7.539588242350058,1.0
-1.4169203791700744,4.163897955971009,1.0
-9.478651238993502,0.30818262556905895,1.0
5.810773642513526,1.4196780782161924,1.0
-1.7682093516118267,-1.6807595534887234,1.0
5.6686917343117145,9.907098963302612,1.0
12.336428136392419,-3.3956136521736693,1.0
5.501714113816914,2.0073257916741616,1.0
9.616777533496945,6.9679651535516465,1.0
12.20946190046249,1.835278762529742,1.0
5.64999732231343,9.969461169965768,1.0
-9.00499634942178,4.08555056387587,1.0
11.808606667407066,-5.447259737838282,1.0
-8.3987445743845,5.518053964952913,1.0
-8.613720022375755,4.893191139090389,1.0
-7.1174131803426475,-5.305621492338782,1.0
3.820873653085803,3.79461435043118,1.0
-6.995590477456925,7.408924067966106,1.0
1.8757546004262784,4.7174244407670525,1.0
2.3789952161607637,-7.151679597474867,1.0
-7.382703027545589,7.000840733774665,1.0
5.6113608454670665,-4.0761113642914415,1.0
0.37226538056629666,4.761617142791136,1.0
-8.975771041926846,-2.1731692039498314,1.0
7.6562325259971935,-11.132427413139355,1.0
5.996027923109925,0.7767781902475366,1.0
4.421543532765072,-5.7385713567616845,1.0
6.746395387346914,9.345756535121998,1.0
5.153169331110366,-4.73188836217122,1.0
-2.760876043152554,-0.9112909335280225,1.0
4.759432337306317,10.350041457211498,1.0
7.853627396034394,-10.987588708597107,1.0
0.28474126169732183,-7.820321593929613,1.0
-9.0921864485913,-1.9875279719315329,1.0
3.5047220584232344,10.707895983921592,1.0
1.8260141509018066,4.701566551670593,1.0
5.432154902639608,2.065423639543144,1.0
11.20170889138573,-6.681173284834421,1.0
-0.5017137048526924,-7.912321969092094,1.0
0.4880909449241101,-7.8297419895346305,1.0
5.822909275516202,1.482772644986004,1.0
-0.9276568300392717,-7.938195643177053,1.0
-6.678973238161552,7.8375803302587155,1.0
11.591858861877952,-6.027335218522396,1.0
11.84383618389835,-5.121774569000798,1.0
0.13067131479676516,10.987305512680088,1.0
-7.3238664756258505,-4.995758084326129,1.0
6.167430803612041,-2.466191021845635,1.0
0.21204292589434848,4.691377273075246,1.0
-9.546426117007961,0.8942277457701547,1.0
9.945404342725487,6.496056311471199,1.0
-9.0624962331397,3.9763968632121567,1.0
-2.9883583399128453,2.51559761959371,1.0
0.27655718268528406,-0.24705892122143747,1.0
-8.079622329004092,-4.094214340151622,1.0
9.288556624584682,7.3195096787921905,1.0
11.599290685442782,-5.807815914786428,1.0
6.506282912134065,9.568093061405976,1.0
12.262807813620935,-3.481897239173567,1.0
-5.567372228184845,-6.576439834852095,1.0
-9.014700174903309,3.983977223785035,1.0
12.537600930952303,0.024708954894029883,1.0
8.472474191578293,-10.435810174195918,1.0
10.071513382151752,-8.638397962569577,1.0
-3.1601586144810296,1.9813238080012798,1.0
2.667991735966573,10.82410295687493,1.0
-3.2431489626542533,1.5193655709349743,1.0
9.222271164056528,7.454919171671364,1.0
-8.03454019784444,6.019982650887043,1.0
9.454703604783223,7.122890590417474,1.0
-8.449421389437735,5.4574838914406785,1.0
-3.8016737432711376,-7.450280300181035,1.0
11.96448034301454,2.6921561192716297,1.0
-2.484564833329602,-7.872881710309831,1.0
2.597729428823947,10.867236838467658,1.0
3.4529849459271564,4.1373565017690215,1.0
4.527621807260964,-5.524858030663294,1.0
12.568127621642793,-0.22473985631636162,1.0
10.381388415129427,6.008611649841684,1.0
6.264314234843866,-0.18667646805869592,1.0
0.45346004039937315,4.697450291163457,1.0
-0.06810569761444324,-7.922845953007524,1.0
-1.741252706035929,-7.889455812727262,1.0
-5.626612080450154,-6.554942725763626,1.0
-4.332526635077287,9.56628114041946,1.0
6.0697446268429225,-2.8023846267711576,1.0
7.3001415050377325,8.984810407253338,1.0
0.685582467284632,-7.801361922607953,1.0
11.340776389618329,4.354497380110593,1.0
-9.230843335340909,-1.4443900106920107,1.0
6.040820248515452,0.9044792003445827,1.0
1.8337555163920385,4.711192605972275,1.0
12.549122425327306,-1.491817491768965,1.0
-8.231132039893739,5.704161786230066,1.0
-0.03629122495416268,-1.5940378125521573,1.0
5.74497852398634,-3.587429958401505,1.0
-8.469111464991883,-3.4230668581842676,1.0
-2.354492846159571,10.448135368987167,1.0
-8.195916292036083,-3.8466317022477416,1.0
-9.34307298608296,-0.67920533871817,1.0
-1.0942984957418525,4.299716181452028,1.0
-9.51378729753177,0.4419086812603978,1.0
12.03848970129551,2.381318184776955,1.0
6.058017618094609,-2.9083127282632977,1.0
7.454730574257814,8.952887388742182,1.0
-1.213067673797366,4.233247319464639,1.0
-1.8144335792044668,-1.6240103323642578,1.0
-7.552351914104214,6.804471283770506,1.0
-4.8644771820465245,-7.031599137725708,1.0
7.44925891309923,-11.33599860491167,1.0
2.3214305877564327,-7.215460974567293,1.0
5.653013417301908,-3.8287648765014595,1.0
-9.24956106539528,-1.43606801114855,1.0
-5.312627850279761,9.030272534217419,1.0
10.495435888560857,-8.050632991774723,1.0
6.19928662152077,-0.07786273274394645,1.0
7.333523997717574,9.007984474154204,1.0
-1.829473701868832,-1.7193037642234457,1.0
1.5291775078566503,10.96317213870218,1.0
-8.90224662970694,4.391831905510994,1.0
6.251182244745045,9.629625455069343,1.0
12.039375472174394,-4.557629051618037,1.0
5.192454770569975,2.5389449935736006,1.0
-1.3352212553765288,-1.8532837471911126,1.0
-3.1107824887481845,-7.742926265991306,1.0
6.265547956044142,0.09349027293176053,1.0
4.002111596412244,-6.016767600908704,1.0
5.307472481708541,2.245502096581487,1.0
2.985995951491555,10.84018911664974,1.0
-2.945538608206748,2.5545645369376113,1.0
-7.2889427249207905,7.087494700710668,1.0
5.104282865698312,2.707055376411703,1.0
6.515266000615191,9.447909694845984,1.0
-1.1554446952672903,-7.99801937355546,1.0
-7.4919666760511925,-4.848366136483411,1.0
5.516332320715594,1.9181931745424834,1.0
5.2601576170972955,-4.5805091994285165,1.0
-3.1396277402926906,10.253487965084592,1.0
-0.4687923584879625,4.550482431093921,1.0
-9.22949174791672,3.2063303838018244,1.0
10.836835105750591,5.24658727108093,1.0
7.1540840295913375,9.158097253049927,1.0
1.1289475889701723,11.012343936480784,1.0
-3.1817332369108615,0.0685876891518029,1.0
11.436360094643197,-6.186762747841193,1.0
8.082916504547178,-10.808179877052106,1.0
12.369655481003136,-2.878880691364499,1.0
-8.708982526555058,-2.8472560941019647,1.0
-3.818375745702725,-7.5103637059584605,1.0
12.50234844548515,-0.33695589055939656,1.0
0.491301720851603,-0.7748244883384208,1.0
-7.394101167944649,7.052050125633462,1.0
4.0659733843359165,3.6464123559904866,1.0
-7.195803513598322,-5.22962944141745,1.0
-5.676589924799908,8.692630141596236,1.0
11.859336607548865,-5.135645446789988,1.0
1.484254437970497,11.003456882344294,1.0
-9.55812877770246,1.1458730269490895,1.0
8.056817760626604,-10.853196077859964,1.0
-6.201761580739413,-6.051618280245784,1.0
-2.0296449071611313,10.55659237863749,1.0
5.919017844227333,1.1197691471574824,1.0
-7.566320752503308,-4.748467411613742,1.0
-3.4699764189578453,10.053986782478654,1.0
-1.8621795771296838,3.7523249103164744,1.0
2.75314599072073,10.872196567561346,1.0
-0.5312928263380089,4.510112611375787,1.0
-8.847313177204388,-2.4420253351990167,1.0
-6.706613243661547,-5.747832972768338,1.0
-5.584953079032049,8.82591717941954,1.0
3.07493354012451,10.73624188640465,1.0
10.667427599665865,-7.6996697468448385,1.0
-1.7264205554616407,10.691085113825762,1.0
10.490333086466576,-8.137919651584435,1.0
8.599992222224344,-10.302938059491336,1.0
11.863737759058596,-5.259532032254097,1.0
6.120063696511429,-2.520849831001794,1.0
9.875435243583135,-8.898804377951748,1.0
-3.208790200041279,1.9020943374752548,1.0
12.56011154745602,-1.3266675542025428,1.0
8.76998047066897,-10.221198193237306,1.0
4.511626538548904,10.41241189876153,1.0
4.474543751852266,3.351883109243544,1.0
-7.985541467060609,-4.163373453335031,1.0
-3.357059104424075,0.8856110990148282,1.0
12.484557832326207,-2.7410243307246294,1.0
12.541557579950354,0.17955270474941662,1.0
0.3500622047849135,-1.2036501399272863,1.0
10.625642803447343,-7.884045722699728,1.0
-3.224886555055163,10.150740026823597,1.0
4.9317365366453005,10.300504223234093,1.0
-3.096853228874595,-7.739416141081201,1.0
-4.834545481323804,9.30901726758203,1.0
-9.221513597297823,-1.4740527689297376,1.0
11.661694591433987,3.5913646322203676,1.0
2.5438376773688436,-7.023652195360233,1.0
5.784202455755235,1.477133069632921,1.0
-9.409149753687474,2.289658360229931,1.0
7.455506371181824,-11.317847734798935,1.0
-1.3260474210677415,10.732100942110247,1.0
6.248468964900844,-0.3426208620637692,1.0
-2.889387487326601,10.255430931241346,1.0
9.70678782705055,-9.164797953534368,1.0
1.347470825652979,4.7873049807260495,1.0
-7.686018066568859,6.616856126710486,1.0
6.357027527812465,-1.1479629927849682,1.0
-1.9768319027201855,10.628794837372428,1.0
4.8683658084765895,10.312133022349466,1.0
7.391313128469399,8.954742017569766,1.0
1.2981337550650947,4.739218024222301,1.0
-7.662159488395068,-4.6600930859774925,1.0
-6.672835070393072,-5.764986299310954,1.0
-3.05297672272637,10.197444837843681,1.0
7.875461071740405,-11.040640339395544,1.0
0.9272717646057248,11.028819787733042,1.0
-8.600321524729111,-3.135805592100521,1.0
4.158480432553716,-5.863603934782424,1.0
3.405237558710764,10.703890380487827,1.0
3.2086906800062183,-6.697419388767814,1.0
12.451084018661422,0.7904554820178312,1.0
4.563462185659523,-5.577944758166158,1.0
6.295315610664656,-1.6806381460272553,1.0
1.1860967064574444,11.02918182775318,1.0
-2.080754468320912,10.570185268446279,1.0
-6.800170241977741,-5.591648452126118,1.0
12.47087450993464,0.4880473995927403,1.0
-8.013760412609047,6.079614502518025,1.0
2.88978347310812,10.78861841643459,1.0
5.817235951892133,1.361362967449516,1.0
-1.6284760641223106,4.012846057488449,1.0
-9.188857523366039,-1.529763521848756,1.0
-3.945178542142557,-7.406330728512521,1.0
12.441940679738089,-3.0102957026498407,1.0
12.465814745722277,0.2186412806297361,1.0
-4.024271607592727,-7.441591902088305,1.0
-7.838631542852383,6.505825222632051,1.0
7.804328413098375,8.661387970510544,1.0
-6.491902841994272,8.060900065643636,1.0
-1.3382543434245746,-7.919095903766289,1.0
1.158506468135484,10.959389142960998,1.0
2.9295282151533817,-6.891265152205098,1.0
-3.1727668328348266,-7.687652931252295,1.0
-7.679347161480677,6.591174670289968,1.0
5.0669900164856605,-4.931842254881318,1.0
5.089713692682245,2.5685180229978184,1.0
6.089581172808313,9.70064593669785,1.0
3.8016668996384535,3.8862954942010566,1.0
-8.55203132130912,-3.154679136292863,1.0
-0.5167662099530308,10.94664331302359,1.0
5.193298822599284,10.122523255226376,1.0
-3.9544217544474596,-7.361270111731132,1.0
12.5469615954314,-1.9718593026675255,1.0
-5.511955633227637,8.79168243561679,1.0
6.180558355928204,0.13023907645966518,1.0
1.9007075965027154,4.659945292665677,1.0
-3.7561305257075017,-7.498741634816354,1.0
-3.197530534268528,1.888642777561204,1.0
0.5977105042256353,-7.810279258462052,1.0
-2.434595045739645,10.439838416867074,1.0
12.508096252133587,-1.6898904352595385,1.0
3.696797709384543,10.645232650126525,1.0
-2.684786517963517,10.379916945053447,1.0
11.735097414076064,-5.430511007082227,1.0
-7.078098511721807,7.412741865764217,1.0
6.266173284348063,-1.9263171847972549,1.0
5.997768822046483,9.824331997092148,1.0
0.9588990785022364,4.734377898711791,1.0
5.021368998493342,-5.018303117535396,1.0
0.9969782428066375,4.7431425730469154,1.0
-8.87391524288984,-2.4795116763090133,1.0
-2.478068671141591,-7.8112796665612265,1.0
6.194787476424015,-1.9657802155329842,1.0
9.16797641767732,7.470945906604127,1.0
-8.133994411433655,6.002444315480797,1.0
0.4214824137649946,-0.4576276335486341,1.0
9.059148590076946,-9.957518055751326,1.0
-9.461522643475739,2.05764869698181,1.0
-2.1877625203038655,-1.4574897268877753,1.0
-8.878091089613005,4.339926823071297,1.0
-6.633340760822989,-5.692631282878544,1.0
-4.074510548101877,-7.389418718826317,1.0
-4.565884604852148,9.450857414335124,1.0
-9.495880209502989,2.1521290246536346,1.0
12.071511262988372,-4.418783642819701,1.0
-7.627787445061038,6.760340264430418,1.0
7.6179548232840935,-11.151336420074347,1.0
-9.425715311310276,-0.35760676166345223,1.0
-0.2109985692357607,10.904790080177222,1.0
-1.2574803762152706,-7.9503488136119875,1.0
12.521997887785039,-1.6913373276236616,1.0
5.768613580802408,1.497718361074711,1.0
-3.2290261178018946,-0.08863971564335185,1.0
1.8072021040269484,10.910141238309892,1.0
10.650966246441397,5.602892771101379,1.0
-5.3409343056773375,9.019873314933289,1.0
8.2576600183382,-10.582004130544338,1.0
-9.216317166252162,-1.4581128068066653,1.0
5.35239905962002,-4.516195995648483,1.0
-2.7113851434478935,-1.0003091705644827,1.0
-1.639505139440186,4.0128537214463345,1.0
9.090508732472504,-9.763015923566147,1.0
-9.240542150205144,-1.2216013657247407,1.0
6.26482816382746,9.601934212367677,1.0
-9.298958220770944,3.0202382848730442,1.0
7.6531202845654445,8.77285969091605,1.0
10.4601273888908,-7.997973246548894,1.0
3.2154799746897034,4.198829085323195,1.0
-4.645870890314146,-7.061640179160033,1.0
6.339232790981837,-0.8022016049665053,1.0
10.045484355697237,6.356526079510219,1.0
-6.2079801807357216,-6.1816795014635995,1.0
-8.56246693814824,5.112702940008248,1.0
0.017011490339631688,10.90394613243749,1.0
-0.3122672121020853,-7.901883450998821,1.0
-7.817113211334552,-4.397070459490962,1.0
-7.315618006602997,-5.089972143035694,1.0
4.498680688401233,3.2854323426551773,1.0
-6.418397601200153,8.072443726621204,1.0
-0.3984438998750137,4.55045438693655,1.0
-2.371722326592366,10.481299897339493,1.0
12.196597402692436,1.965668200068292,1.0
-3.518867403733688,10.027512183622244,1.0
10.956865898675062,5.053997902664147,1.0
3.459968207216113,-6.459410189082982,1.0
2.9725888745228035,4.313173953149996,1.0
10.076918036168353,-8.634749795231919,1.0
11.739232085885618,-5.563822874746915,1.0
6.876626635286468,-11.722099807841062,1.0
10.041509423383145,6.416407388417703,1.0
1.6049776304076333,-7.497990238747145,1.0
-8.417691416538577,-3.385214505797712,1.0
12.109767354304642,2.405249708955454,1.0
9.487094029959103,-9.370385142206336,1.0
5.836852121193447,-3.5744925941699215,1.0
0.8584138435883418,4.7454643115670105,1.0
-6.508031939521869,8.067587944391802,1.0
-1.0107803254757202,10.869484989838915,1.0
10.201592227294398,-8.49237128574507,1.0
11.442816044407264,-6.328884510646918,1.0
1.7633264934800246,4.719243484116565,1.0
11.763529689620363,3.264147531641918,1.0
12.53011642048326,-0.7796101290669517,1.0
3.5317119015461755,-6.520159657118172,1.0
11.727600408668964,-5.557692706718275,1.0
9.206839443207329,-9.66200397948832,1.0
5.757638025360863,1.5046291376015732,1.0
8.957850987756602,7.6540559263091374,1.0
4.658921550666998,-5.473576283460343,1.0
-9.50314107630409,1.6927319129608935,1.0
1.632806646496477,-7.531906929507139,1.0
-2.1604382431725684,3.5758181119698644,1.0
1.4589743592114652,10.992774449285925,1.0
-7.856517014877994,6.355952142178562,1.0
-1.2322491129549304,-7.923109168860036,1.0
10.690192304207264,5.512815480198018,1.0
-0.7715049356059882,4.44258325374427,1.0
7.4674915879844965,8.924293180069467,1.0
11.458591485046007,-6.298495308842599,1.0
-1.466129426020994,-1.8538108702472453,1.0
8.417197171102128,8.123819366532146,1.0
-1.7589899500172024,3.9084264395320227,1.0
-1.625376137033967,10.689279052032758,1.0
6.7819210832244,9.330998550114142,1.0
12.05723030756892,-4.505240586774237,1.0
-8.104507879117534,-4.08550097962714,1.0
4.33910823966594,-5.817420235399551,1.0
12.109858420779116,-4.34232310573917,1.0
-1.153772405904623,4.259563727393242,1.0
2.859580276236297,4.320365659310752,1.0
-7.332713579300865,-4.97577500008116,1.0
5.080794908426375,2.588298428070626,1.0
12.08598765643195,2.4083321944546263,1.0
-9.572468973258163,1.0281856507672846,1.0
-4.443281189207114,9.539940677093364,1.0
12.262663987163169,-4.008348458002218,1.0
-7.973724968181445,6.205033065319996,1.0
-5.341985000900272,9.006421369907924,1.0
9.164104558629381,-9.748865725762803,1.0
4.831868850193812,-5.2683362299627605,1.0
-0.15339907592745355,-1.6723339218126112,1.0
-2.1371762592979437,-7.841701484651337,1.0
-8.795667910546468,4.4945185092640685,1.0
-1.3033145697681907,4.162037895126759,1.0
3.6035014714098663,-6.452952998428239,1.0
-2.9380058866129755,2.6248271392124605,1.0
9.500798253242904,-9.41122053165381,1.0
12.367454793220773,1.3001822500270552,1.0
-2.1564837595911865,3.562907091779323,1.0
0.287008821013474,11.00153596481,1.0
-0.5006342113052696,4.53337327661,1.0
-1.0172150466261685,4.383286046930247,1.0
0.7190258214134019,-7.722328161870892,1.0
4.951319834349972,2.7939509225381975,1.0
9.003222987103399,7.65880201212491,1.0
-4.487350153239287,-7.18952370482251,1.0
-8.343023778429975,5.61230896527798,1.0
6.176406805218684,0.30202611189341655,1.0
-6.679026472066077,7.8407492306412365,1.0
-2.279742470311578,-1.4020221240771267,1.0
-9.304426791545758,2.8426327013936317,1.0
-2.1846704110256647,-1.4351539834236526,1.0
11.695144466835117,-5.732827150692012,1.0
11.57982974899644,3.696610344937936,1.0
-0.0597325043844167,-1.6026214675216768,1.0
6.262180890020673,0.037597101974518723,1.0
-3.307205508638933,10.1097277305408,1.0
9.901660118037224,6.649218031894556,1.0
-3.754008990163511,9.94112189171217,1.0
-0.4402274920480453,4.532074051115105,1.0
-4.533665327606149,-7.162659372465763,1.0
9.450233514949103,7.170682935458206,1.0
9.317955720443074,-9.544874272763638,1.0
0.7446154515250286,-7.803087439178011,1.0
1.5121876340811142,4.700150491513438,1.0
12.568608569768083,-0.10783659032851792,1.0
-3.2499505119702885,1.613384640900866,1.0
12.158082378299198,2.0693537770503827,1.0
7.6668881379922995,8.790113840718321,1.0
3.8932929920406836,3.8079665818089894,1.0
-9.468486197438038,1.9291822385472617,1.0
12.300811461530643,-3.7767028432728207,1.0
4.393725450528634,-5.75976701033142,1.0
1.3498684946815773,-7.625837046603744,1.0
11.909028716065981,-5.146128864721912,1.0
-7.498900653988659,6.804952957762612,1.0
10.748382135449969,5.399365314198131,1.0
1.661224551974921,-7.499754883772786,1.0
6.187893850729234,-2.089650323667984,1.0
-1.7141487180079031,10.62782547558846,1.0
0.4578202493418979,4.778356288894414,1.0
11.481820816488222,3.962461110069384,1.0
0.07188126215633006,-1.5252116207838295,1.0
10.899350204898182,-7.311852429076632,1.0
0.958717886718067,10.979442619516774,1.0
-3.366801106026231,10.133902023270148,1.0
-9.31568569369965,-0.9302817006255832,1.0
8.46797825170989,8.177213561379322,1.0
12.362814421266581,-3.28074599077015,1.0
2.500010773600519,4.486623008245267,1.0
-5.29722902960881,-6.83071910640471,1.0
-3.6438280987683678,9.99747042767201,1.0
-1.2436519859741697,4.196257620648484,1.0
-6.845908682210227,7.640184288522759,1.0
-8.427110943258658,-3.408510206514238,1.0
-0.6743525783029951,4.5236998461995315,1.0
0.2941758082096033,-1.3292322008046056,1.0
3.0563317904491627,10.817429735076603,1.0
-0.3423068918330926,-7.937965141974286,1.0
7.046059950137367,9.15052410551219,1.0
-9.084665945358136,3.8301155115824312,1.0
-8.370526477227697,5.559139789045993,1.0
-4.8436696500059595,-6.990538708859186,1.0
10.688021396528837,5.591141947688184,1.0
2.1559063057281005,-7.2914655239724775,1.0
3.5654697284719252,10.659150834427715,1.0
5.830303595809621,-3.6167673481474663,1.0
1.1442015400278633,10.95226321675028,1.0
12.142233166415599,-4.402917034649615,1.0
10.191880971177468,-8.48598312855941,1.0
5.9977650407458825,9.848707449432005,1.0
-9.42822739332392,2.0187455246314463,1.0
4.7831704568044895,2.9906101086670063,1.0
-9.564165887129548,0.5548123413730489,1.0
5.46215674230301,10.056081674763401,1.0
-2.218989217595199,-1.509438360728056,1.0
-0.49769976544221395,10.918621626758439,1.0
-1.7613318616339055,3.9092248672583074,1.0
5.015024385528086,2.719651580577466,1.0
12.276749135998987,1.6821523408063137,1.0
-6.736493219961944,7.77270690984053,1.0
-2.521351210433407,-1.1510094997202012,1.0
12.13953437877985,-4.241603671498466,1.0
-9.561240018788471,0.5073268433324396,1.0
2.9872912756898216,-6.830405439709409,1.0
2.598791274912907,10.858479865065672,1.0
5.7110724736076,-3.7520007109925264,1.0
6.2643237196047625,-0.15917366903222868,1.0
-7.062247809955503,-5.2976521900522275,1.0
-8.431705081984225,5.363912335001026,1.0
6.273784376838278,-1.4557825253441055,1.0
-9.351993283384827,2.9559807080383926,1.0
4.345084304315339,3.4841382102392044,1.0
0.21472402140787322,4.739660581668119,1.0
8.499174537038737,8.101673212459705,1.0
7.071192817610988,9.130262005139794,1.0
10.130966802772553,6.291692237052484,1.0
5.896137543874828,1.2395727127882854,1.0
3.3732394422461716,-6.590856491436358,1.0
1.316364893853332,4.7977147082059926,1.0
5.7472291239337405,1.5512969965358543,1.0
-1.9234758622831252,3.749370262615913,1.0
3.2905023709604393,4.205039258206929,1.0
-9.38150126824728,2.353881639765711,1.0
12.515875970367954,-2.216752381342672,1.0
5.553828826133049,-4.046947074646183,1.0
8.30363942630663,8.27999666439937,1.0
-0.40069458108913736,4.596260868241582,1.0
0.1916761103056601,4.678903308736918,1.0
0.5974848275084963,-7.799612923936251,1.0
-1.7388693307966383,-7.915209169462445,1.0
-2.5754259967533053,-1.173562770311134,1.0
7.595290031221973,8.784282866319108,1.0
1.8523292178960975,-7.400359973785695,1.0
9.599745367705838,7.017913783557605,1.0
6.272406048205758,-0.9962282572521521,1.0
1.806345098219433,-7.460825956702696,1.0
4.386494272015296,-5.698020579193412,1.0
-8.856959436315666,4.433293030766885,1.0
6.151962376243491,0.26392006573564114,1.0
-3.5397049493517616,-7.556404086265994,1.0
3.299559257192736,-6.605394400583669,1.0
-6.536576279967462,8.001114165786703,1.0
-2.086831270400611,3.6271183510775487,1.0
0.148544835597212,4.7124795087029305,1.0
-7.27978428759613,-5.173189401810331,1.0
4.6253316897703955,10.382967769924171,1.0
-3.2328306451123154,1.7276924290598794,1.0
-9.488289661706155,0.6888768371650331,1.0
-6.185069792398501,8.298998527376039,1.0
-9.366086639491622,-0.9945149423557968,1.0
0.24054269105995382,4.70192854565555,1.0
-5.808015656044819,8.603153288709763,1.0
0.3007785903114924,-7.843927671409217,1.0
-8.963178006766084,-2.1250125108716573,1.0
-4.262880363992463,-7.280174761793657,1.0
5.265131606950647,-4.516921994709646,1.0
9.93517002609008,-8.813076117040817,1.0
-3.1427852301728825,-0.0030401968943229835,1.0
-1.7713895777585646,10.640707924300338,1.0
9.713955458585119,-9.103217585150771,1.0
-3.1416210223557686,1.9705604233297254,1.0
-3.841692844311073,-7.506605976135767,1.0
4.496105612474648,10.437039285705152,1.0
-7.867229215067796,6.4017856941292735,1.0
-2.3039915595067657,10.45168637202294,1.0
8.829571041746533,-10.09209491746111,1.0
-0.209118281781287,-7.9260805693934016,1.0
-9.511403469060319,-0.0601768077959554,1.0
12.38670363466414,-3.145913328625409,1.0
-0.7438382564652727,10.873336417417887,1.0
4.903449597633256,2.882142928997956,1.0
-0.8766692283692327,4.393692718692325,1.0
10.430663315368706,-8.09554601692518,1.0
1.4801206067365495,-7.554284903218086,1.0
12.448610878891866,0.6668891718420692,1.0
8.323301735607194,-10.608251676989676,1.0
-2.1434091218120725,-7.872297487295415,1.0
-0.17397062699708055,-1.6752297278497896,1.0
5.248656173312562,2.478255079308681,1.0
10.592069092740756,-7.831350280103952,1.0
-2.9779947519889145,2.389983065604757,1.0
-3.5476608123235613,9.991627454125018,1.0
4.995943072501047,2.7556293890159047,1.0
-1.4271500598782467,-7.985531929476242,1.0
12.370081201030427,1.330098272007036,1.0
-7.033096028206284,-5.3262033143060465,1.0
3.2651306954029136,-6.599410880231252,1.0
12.47864951456695,0.7300125564554787,1.0
-2.1924954815945275,3.5235267410975952,1.0
-2.9786107590591673,2.4742424670926315,1.0
-9.045443291167047,-2.0796354897275116,1.0
11.764245475506694,-5.302533040236373,1.0
-7.755170100516547,6.515964594852335,1.0
5.722616911667295,-3.7076049454209223,1.0
-2.2764208340968732,3.449773673977114,1.0
-0.7325140562616362,-7.991550491700932,1.0
-3.0753500375901957,10.19017058006338,1.0
11.300380732506502,-6.425547346492537,1.0
-2.9969829522841973,2.462850917005942,1.0
-6.4497666370210895,8.068246518707236,1.0
3.6888716733239457,3.904642091277397,1.0
1.975636192236951,-7.377260523266809,1.0
1.5370974845346432,-7.474712560750951,1.0
12.509844886888523,-1.7902482397259856,1.0
0.819145755212092,11.009625915924227,1.0
3.1474033999494107,10.783022533719802,1.0
12.305690181364806,-3.7846400148418042,1.0
-8.1070716897716,-3.942307539050846,1.0
5.83851301729461,-3.575978178940085,1.0
-3.337208997202468,0.4625993153708591,1.0
-1.9797585246176355,3.6713481906532417,1.0
11.238432759332243,4.548578166868652,1.0
6.025690550000687,-2.783668080915261,1.0
5.066631889194004,2.6488904600651,1.0
8.09747523004517,-10.754290542240726,1.0
-2.441034915799039,3.2117673173991608,1.0
12.513602938211362,-0.6720170418976885,1.0
-3.015568968731067,-0.4686458584578569,1.0
6.074856798288185,9.750633806733424,1.0
4.191386951190649,3.591858788341828,1.0
-3.252237301145214,0.18158241771160824,1.0
-3.1686066134433273,0.03252629179492422,1.0
9.040558235201217,-9.925110463227625,1.0
2.8063665847169044,-6.914897558262772,1.0
-1.8066262579285168,-7.972613145797818,1.0
2.8794802007819547,-6.939424623718692,1.0
11.110183608319986,-6.861360913146798,1.0
11.609159907744816,3.751445611442146,1.0
-2.5031278026091135,-1.234433263827696,1.0
2.3087143462773043,10.932381890591898,1.0
-3.1792462222372344,1.8699777095252903,1.0
-3.3059014169548515,0.6580839706880934,1.0
0.05707129626420453,-7.93579835876551,1.0
-9.440926281297589,-0.4880665446481563,1.0
12.564024110842313,-0.30162929316895903,1.0
11.684798853470836,-5.752731135066316,1.0
6.805290686775626,9.359007170821117,1.0
11.094804666495415,4.697659052810177,1.0
7.013014932396161,-11.68364185628375,1.0
-3.159268449551311,1.9915577405604779,1.0
7.607499679816191,8.859119085961648,1.0
10.876523619864784,5.08951785389555,1.0
-3.8411773263058295,9.822591102723644,1.0
9.029003933057243,-9.880970234017644,1.0
-3.74785303973344,-7.479822054530875,1.0
-9.475502454588678,1.7238143889166375,1.0
2.8895237119401,10.86965472911273,1.0
-2.975944606004636,10.222066377397978,1.0
6.322262048161955,-1.142292962520158,1.0
12.571081492831626,-0.7864425590417548,1.0
2.8813645897654165,-6.869260876455971,1.0
8.480043651238756,-10.420200509490208,1.0
3.6363358916605693,-6.407093226696357,1.0
4.288894002111226,10.445662546381088,1.0
9.364544461464433,7.305508564015328,1.0
-8.310286910815664,5.60831571934594,1.0
5.301539087114489,10.117632687455954,1.0
-7.175234901084075,7.309429079962616,1.0
-2.9836884898017506,2.459527974537087,1.0
6.242295579668443,0.022124275796549506,1.0
-9.544285035440812,1.4208786291603908,1.0
12.574938002132052,-0.2631134568458491,1.0
5.133895459511954,-4.766808872390086,1.0
-3.612011403991861,9.99064164294791,1.0
0.09436028037538052,4.713243305822682,1.0
6.160906850929703,-2.2444746245039724,1.0
-7.253938473989939,7.176003875810419,1.0
-4.946508060402815,9.297548853031344,1.0
9.915157535906975,-8.783335266305283,1.0
-9.090621657870527,-2.0472568828354807,1.0
12.326179615550506,1.4159518075100586,1.0
-7.955537680607663,-4.2485980358651405,1.0
12.269638021998077,1.7346232318668258,1.0
-3.2919530037231355,0.7325358713158242,1.0
9.372370100351327,-9.457484720512051,1.0
-4.31700123286635,9.598585811466245,1.0
11.578195918404262,-6.083335495969817,1.0
2.3075654069052294,10.85792104485931,1.0
5.755989734558808,-3.6128140016572736,1.0
-7.352531651898871,7.035078247050612,1.0
-0.9601140702283191,10.843441214127507,1.0
-4.05284334623693,-7.3789626398830075,1.0
9.636908909377897,6.9518383367639665,1.0
-6.177250575561922,-6.150327931580517,1.0
9.767601527680522,-9.03482420968496,1.0
6.023300626957462,-3.0455673140665427,1.0
-0.12189699479828581,10.896886736091288,1.0
5.318956259705511,-4.554735299955584,1.0
8.179967405709217,8.428560237713683,1.0
-2.2780532547465544,10.468541783489073,1.0
-9.000153495901865,-2.057606337775813,1.0
-9.081144301446834,-2.0437907452189967,1.0
5.997441902913847,9.75723631299568,1.0
0.5988722846136904,-7.837258484562987,1.0
-2.4393196864129503,-7.856328890731931,1.0
6.353955671587824,-0.8826549420231292,1.0
2.949495834091225,4.3580384689694975,1.0
4.073342588396658,3.7150371173014696,1.0
12.189041792806815,1.8829769443504174,1.0
6.584971451847512,9.499193548251085,1.0
0.6191964616928649,-7.784406915405862,1.0
5.349981167421425,10.074723922310683,1.0
-6.202771460849494,8.265439641787193,1.0
6.404422466724779,9.577557158527952,1.0
3.7136462772727143,-6.304615987477502,1.0
-9.373510837010654,2.3558325834697573,1.0
0.21723991682110888,-1.4387581264641247,1.0
-4.380761411990785,9.615326923251466,1.0
0.744927843724973,10.975731029526543,1.0
9.65866621854075,6.863017379875853,1.0
-1.5815802120572522,10.74377657504103,1.0
9.360976782117987,7.243533316253105,1.0
-8.564887909068272,5.155670767938734,1.0
4.024089699153424,-6.1309016201868625,1.0
-8.903387284954986,-2.4375347918979005,1.0
0.2850837958711148,-1.355236094687283,1.0
-2.4450160581017215,-7.840227038212183,1.0
11.088851487738301,4.853937154087522,1.0
4.5938639328867374,-5.5262607691511745,1.0
-8.850306759381665,4.363001237833948,1.0
3.083757906701895,-6.82745654184448,1.0
-3.128330199064727,-0.10381223862255182,1.0
-2.939036454292842,10.297098589928028,1.0
-9.510708270286758,0.5008388701044999,1.0
6.318530031438343,-0.8050302995490631,1.0
-3.238414804348358,-7.654629822089422,1.0
-1.9380850733333932,-1.598382643364742,1.0
-9.526681333863895,1.1900720529971802,1.0
5.358141901721734,2.1875829342771387,1.0
-8.063972129664819,6.102848185914509,1.0
6.3559769010492815,-0.8704459914267901,1.0
12.069625736587872,2.24983193711042,1.0
-9.492352935856713,1.035926675076946,1.0
5.974236734961782,-2.934478043886369,1.0
2.783596694656217,10.838950381562043,1.0
5.4380004166877445,-4.279997133433142,1.0
3.685583222413864,3.9385711077592735,1.0
-7.11216654016876,-5.350640630867165,1.0
2.0361202503879015,-7.36195546663642,1.0
3.8116504870554357,-6.232518354448099,1.0
-7.880646324530527,-4.260451026545374,1.0
8.170320667733037,-10.757641236908926,1.0
9.489018993914778,7.175984195757741,1.0
-2.7722719127207633,2.816848854882728,1.0
-0.5370825585565936,-1.7742256915330887,1.0
-1.5887542243558461,-1.7854336036700293,1.0
7.2447138691902015,9.096806259053572,1.0
-8.62872195719357,-2.915222208720278,1.0
12.542287711328399,0.12797225794000633,1.0
11.994349642457845,2.6448572593015793,1.0
-1.0591916979137967,10.758718172020023,1.0
-9.439391183957975,2.5807543677052984,1.0
9.523561856207776,7.124826049584116,1.0
5.862185582012988,1.2669301488969347,1.0
-3.35519821560895,1.1293135277674538,1.0
-2.722060333296158,10.310533157322803,1.0
-2.234151383981699,-1.3845151329549672,1.0
0.015074484641836625,10.938215076085367,1.0
11.82111630944882,-5.306775602166601,1.0
-3.7545493772035092,-7.465893414248822,1.0
11.306160621811982,-6.560704687584326,1.0
-9.52284816096123,-0.03902351531668684,1.0
-1.2950237324743998,10.767107940130153,1.0
-3.2997601757003103,1.3765397816013074,1.0
10.767336013055509,5.399342290131134,1.0
-9.484679382014559,0.08535362502839418,1.0
2.9498923443478153,10.77797208126861,1.0
11.789384836438979,-5.527339110932448,1.0
-5.003840156193635,-6.868824850130747,1.0
-8.980083561409197,-2.091152278592733,1.0
-1.5526584741532543,10.736738553406644,1.0
5.120647520018399,10.191595901222586,1.0
-4.712426277890224,9.414938042828968,1.0
-0.5071242176740266,10.94033437547418,1.0
-3.209471771487985,-0.08106571424921459,1.0
-9.245044202919084,-1.221570497149232,1.0
8.531351838987648,8.048690331355724,1.0
-5.089800834141284,-6.892999324403314,1.0
-5.177024335821457,9.082041151666196,1.0
-7.746069567716221,6.444593775963507,1.0
-1.7405378989623304,-7.917526393750278,1.0
1.3862881556985815,-7.545652233266352,1.0
-7.239480764173332,-5.144533238566731,1.0
-9.056258947486892,4.072828908307151,1.0
10.586787522712926,-7.95157805550324,1.0
-4.524599036504672,9.46524524581769,1.0
-8.425734306037706,5.511052398511835,1.0
-9.009389167011546,4.149135707849711,1.0
4.942418910285681,2.7878952551731144,1.0
2.1928755116217395,10.885794395830743,1.0
4.096189163021579,-5.92607766778861,1.0
9.240480945340446,7.429828516964601,1.0
4.882311525341103,2.995875364899373,1.0
5.925515957843247,-3.152682126769187,1.0
12.299037058461982,1.6032327003971965,1.0
-0.1213629693789455,4.626530536665948,1.0
-6.007031911411565,8.456341594705044,1.0
2.2814371919066936,4.562429870741812,1.0
5.2393071609124435,-4.690757828107058,1.0
12.053404774736382,-4.546316257416017,1.0
12.015924103164592,-4.866065764090485,1.0
3.036995661379217,4.232960202785448,1.0
11.118929253438706,4.741305120357045,1.0
4.900149705830445,10.24009051484441,1.0
-5.5065342891076225,-6.616764726953431,1.0
-3.266781858902586,10.137245049882546,1.0
9.98047798061378,6.517025475936649,1.0
8.420213791606256,-10.429274295838376,1.0
-9.394469878486458,2.424459777053084,1.0
-2.3399182008268564,3.311355454242391,1.0
5.41007148708096,2.1807493917337517,1.0
5.857256891754412,-3.31568761251567,1.0
9.578562278008425,-9.287868929926233,1.0
-9.527417457104146,0.9453876354697175,1.0
-8.500072013710993,-3.2841463326693234,1.0
-1.0546875638928923,-1.8412732730333803,1.0
4.63910240817784,3.131268878517789,1.0
5.612951177708205,10.015411640342542,1.0
5.493534638943832,-4.152348095511922,1.0
-0.7760342199365348,4.426639656152488,1.0
-9.463283198934056,2.1324538716296666,1.0
-0.940099163876278,10.787222287021953,1.0
-1.6844666748662007,10.62708758813093,1.0
11.158299063252572,4.723175893744893,1.0
6.488220752984717,9.501736494060463,1.0
-8.098080819274662,5.903047182235899,1.0
12.590982518609941,-1.373447851551279,1.0
-9.202088676122191,-1.5307438547295442,1.0
-0.8020627942518791,4.434000686460751,1.0
7.241527466736338,9.048253759280902,1.0
4.267475239220769,-5.8288159461577305,1.0
5.194339915093211,10.155362298187846,1.0
2.0651737851571967,4.586743175950492,1.0
-0.35510474750606646,4.593543158577673,1.0
6.287604391620256,-1.9246664129158757,1.0
-1.8204543764097265,10.656054961791186,1.0
-0.5016373614638744,-7.988318833153302,1.0
-6.857931172222587,-5.568753546470146,1.0
10.685475313508386,5.508561022402354,1.0
-3.105153536007302,10.214606148567926,1.0
-8.65383334082798,-2.9738394969364625,1.0
-2.421525731969839,-1.1920067405366157,1.0
10.011943647049021,-8.750186032211523,1.0
4.095401012825569,3.640284640662145,1.0
11.893822711324743,-5.171542104361432,1.0
-2.85653219609273,10.254262622995935,1.0
10.464594779426724,-7.991283542584407,1.0
3.2548072123193212,4.163544860093308,1.0
5.995405007672672,1.0683862404006366,1.0
5.593930530335623,-3.9470455226614214,1.0
-8.337416103502967,-3.61972153686741,1.0
6.044603673822123,9.815031621583667,1.0
5.4373077208616225,2.1027542657018556,1.0
7.689922171955433,8.774154872676359,1.0
5.833197230634611,1.3945647388166718,1.0
-5.39326585888784,-6.701503827988319,1.0
11.467505047083797,4.153624415673971,1.0
0.103229300917085,4.7052438884548025,1.0
-9.534829110245495,0.34543359789840955,1.0
-4.155368709579808,-7.334914476350654,1.0
10.095116303954681,6.362712948736492,1.0
4.924744452461434,2.922518823376443,1.0
-2.6203912047284996,-1.0783387131776145,1.0
6.160222923341662,-2.2364684603905767,1.0
-8.922908781987207,4.296751537906351,1.0
1.551582338092647,4.728205359961549,1.0
-6.816487717724322,7.685535666434671,1.0
-8.940433688155156,-2.353473929689571,1.0
3.728646923540471,-6.343108642311534,1.0
12.266209213748562,1.6288561542352842,1.0
-0.22816230424765227,10.944725397560324,1.0
8.331421135090237,8.294156109141042,1.0
-8.680043742278333,-2.9081239427807435,1.0
7.1459553815082995,-11.537444771043614,1.0
-6.50286257796324,8.037343846070165,1.0
8.025043977599703,8.454484722473609,1.0
-5.887408130805864,8.562948752804402,1.0
-9.057501326443807,3.9595893782262315,1.0
6.062305783060421,0.8022251409370481,1.0
8.570488528473922,-10.324772702551652,1.0
-3.2840966585585383,0.533891212096669,1.0
11.587714009310723,-6.035964833019337,1.0
-2.614271912749211,-0.9916430405366119,1.0
-8.744427967963532,4.769521101769312,1.0
-8.806198180641571,4.540178663523881,1.0
0.3137571454990039,-7.847542062309632,1.0
-1.0192997802380082,-1.8257978445768241,1.0
-6.949842952638131,7.535739547381085,1.0
6.964041334728953,9.242846570797887,1.0
12.064226553390808,2.2487038802282413,1.0
-9.475695574859438,0.633683198268028,1.0
5.623272706589464,1.7005535481453227,1.0
5.925076748067243,1.1335316617376991,1.0
5.903369437711245,1.1648485986042465,1.0
12.013958224280136,-4.636945312795611,1.0
-6.368168482250816,8.144803093272358,1.0
12.42993180590942,-2.5822265914399902,1.0
-7.042590587611368,7.4716439120425315,1.0
-3.4000011053857535,10.137440991895195,1.0
5.426451277890756,2.137032414460812,1.0
0.2257950389001566,4.693163446385624,1.0
2.1361879666190173,4.633462366318076,1.0
1.8073284458359784,10.930299866113453,1.0
-3.2329929946764944,1.5398661542967724,1.0
0.6147792114092884,4.745229772478139,1.0
-8.304514629428148,-3.7000521997609046,1.0
12.46143124514505,0.10094779953221152,1.0
4.207142240275702,-5.857807555093872,1.0
-8.419186412626814,5.36583169736339,1.0
4.7038831153832215,-5.41613873671635,1.0
7.764724816272789,-11.089492258520107,1.0
12.521243081788507,-0.7651814730714694,1.0
11.172272051791882,-6.78769737949056,1.0
7.606210729865598,-11.139646843191874,1.0
9.554265805729704,-9.321494444304792,1.0
8.320179062004708,-10.589933177871877,1.0
-5.6939127234304525,-6.484659603259621,1.0
4.376903034362565,10.504980417380251,1.0
-1.2290016456890438,10.785830873320712,1.0
-9.503260989687702,0.5007950551015719,1.0
8.121783291410095,-10.819099734306944,1.0
6.313489651478817,-1.8116583415661018,1.0
-9.122809245864095,3.636625734933167,1.0
-7.621486876678926,6.778036068193276,1.0
-3.2117167594373455,-7.666149827114783,1.0
11.931301930879162,2.978733606876353,1.0
-2.600055422289856,10.334136478628865,1.0
5.511538676904641,-4.127786568077234,1.0
-1.0994956157064382,4.31093913983544,1.0
-7.857662278291647,-4.328195926798544,1.0
-8.24666791750985,-3.801699331523701,1.0
-1.313086727207345,4.156353209827324,1.0
3.944663770877092,3.6949215659097256,1.0
2.497983484786008,-7.0934421680713164,1.0
3.7341389428817244,3.92472194933138,1.0
-9.143855506321742,3.5204626556271794,1.0
-3.2957131272328173,1.0934787738387237,1.0
-3.6662534555424418,9.988868763749938,1.0
1.6219192734019279,4.739569103053006,1.0
-1.554946976290327,4.022232680763269,1.0
3.739278061059679,-6.364910919081322,1.0
5.2817699369835776,-4.493279505715359,1.0
-1.2320293270076201,10.812561054004465,1.0
11.900493744218553,2.9809302851782746,1.0
-8.856560640686938,-2.5842893832624956,1.0
0.47326126482914516,-1.0014364264510807,1.0
-8.234661749310856,5.7357480015664315,1.0
-1.771941470618535,-1.669227803786547,1.0
-9.188020798192518,-1.4944481386526713,1.0
-5.3288629072420015,-6.769492635081259,1.0
-6.6347003669717575,-5.753084385701993,1.0
-7.666097275043258,6.560377373995582,1.0
7.083831797720805,9.17946841779972,1.0
-9.177155374062597,3.6624219452805495,1.0
-2.6783309141228098,-0.9634276592026366,1.0
12.5592716627369,-1.0188331640973938,1.0
-5.330538546737539,-6.778143438020646,1.0
2.4227785600176324,10.901547242491135,1.0
6.981330216618154,9.182742433216399,1.0
-6.455769516653253,-5.916445375974406,1.0
10.400196814671178,-8.177940003076989,1.0
6.07268216015242,0.7203779031922908,1.0
-8.824698490156289,-2.584103881500491,1.0
-8.463982076074855,5.2637828993761175,1.0
-2.827439419986147,2.7740718501269024,1.0
-3.446647935835876,10.071273810324717,1.0
-1.7038377352565481,-1.695851444520527,1.0
-8.449007427830038,5.278937812253225,1.0
-7.563965459646497,6.7343422330745915,1.0
-3.9071240311197433,-7.4579154691902865,1.0
-9.214446100368809,-1.4026830208115846,1.0
-9.486980789741741,1.1764601605707863,1.0
-1.381002080204615,4.132216585989526,1.0
12.105661449555395,-4.521442835205282,1.0
8.106497044662023,8.40517603095011,1.0
-2.3687227146579293,-7.8694140219656346,1.0
10.077390037981969,-8.646181539813778,1.0
-5.579655360814966,-6.542116123742193,1.0
-3.8305933566441484,-7.474281314865068,1.0
-6.868769187224917,-5.59919126186349,1.0
-9.277622501745277,3.2367126379487727,1.0
5.651047519786657,9.925513823266893,1.0
-0.37359599662792864,4.58402930441586,1.0
-9.547455432836855,1.3333119323462972,1.0
5.956712438968618,-3.126683287348209,1.0
-3.749393556670869,9.89886534260511,1.0
8.00668104286436,8.525166351617068,1.0
-9.246592397259503,3.215336733119088,1.0
-1.942277534490856,3.7221180503275533,1.0
5.336321701152807,2.285081615178119,1.0
12.483965615847428,-2.4907112636939726,1.0
12.117323715434962,-4.1236638078262065,1.0
0.20077073315472718,4.68714218587071,1.0
-2.8228534281914435,-7.7295697796766385,1.0
-2.2413205460148125,-7.875335631625178,1.0
-8.653728776172715,-2.979869500538222,1.0
-1.6402396372642158,10.694473466516191,1.0
-3.1649390955818397,1.9734300596554737,1.0
4.288859250022144,10.524398033068167,1.0
12.480969732047285,-0.00791590581035058,1.0
7.684706669490318,8.70409319768941,1.0
6.325819504670439,-0.8888567067030997,1.0
8.489749195029697,8.066111331517835,1.0
6.291078947619342,-1.710025936336661,1.0
4.527908630956913,10.424351473695827,1.0
-0.33733071071851944,-1.804672782643097,1.0
8.65457900407634,-10.264779020605975,1.0
2.2451053497263485,4.569314093412904,1.0
-0.4135340862264636,10.928082092861013,1.0
0.5466899633686838,10.983784539648004,1.0
-8.552990858218719,-3.2050570637976223,1.0
12.575885413222643,-0.7105169201522462,1.0
0.956584796604236,10.97775969030882,1.0
12.567861943225415,-0.4067208930056619,1.0
0.7628764737187121,4.7639936150751,1.0
-1.5101913134704747,-7.963065425542255,1.0
-9.253855271006017,-1.225146389331133,1.0
1.2911455041813007,11.015734193927637,1.0
-2.5017066367147303,-1.1644174778286958,1.0
8.908185950207569,-10.085944619412732,1.0
-1.480730379851693,-1.797275518971421,1.0
-9.301172123610332,2.9572217946137678,1.0
-9.18651412045685,3.3200354995834087,1.0
6.1175748292047825,-2.540558115607735,1.0
-6.366676924823322,8.137514887207686,1.0
7.357054326160112,8.986909867995447,1.0
-1.3792216010890124,-1.7824921412726726,1.0
-8.762523187184206,4.783461845615012,1.0
8.912406308522145,7.707338589135852,1.0
12.531206438232443,0.07550872715179993,1.0
-3.804116490345914,-7.461455096028751,1.0
-8.451660391004665,-3.3955320904383153,1.0
3.4468962499065485,-6.48153957562429,1.0
9.11079840902664,7.4802619747473935,1.0
-0.4857353863500928,-1.7808584592400925,1.0
2.584914776301538,4.531814354455508,1.0
-4.320941943585457,9.65130077589408,1.0
-4.844123069081912,9.303626003356596,1.0
6.266385874817645,-1.2572929502943626,1.0
-1.7207006294015594,-1.6948353022395561,1.0
-1.1213251846616055,-1.8861987382143175,1.0
0.184003151325785,10.966821631801691,1.0
-2.4404527050160305,10.414043880059415,1.0
-9.064878936506489,-1.9344410348677152,1.0
11.61471667098466,-5.743802962298724,1.0
11.910557264828665,-5.0703666375909275,1.0
-0.3218152777237016,-7.912005133648155,1.0
1.309092662343575,-7.630691268004057,1.0
1.9912984814748476,-7.299893075217864,1.0
11.365228799642113,-6.528646478678004,1.0
-2.1909996194953267,-1.470715555488912,1.0
-2.025170692854662,-7.939978249648954,1.0
6.007840120754897,0.7965110056068894,1.0
-9.49012010267834,1.7787317614952738,1.0
-2.2289098921996855,10.528049716478348,1.0
10.178443910312977,-8.436102798480949,1.0
7.319997223566111,9.01377167772749,1.0
12.214563834769077,-3.9314394447026757,1.0
8.88539824447481,-10.08819210591061,1.0
-8.638137923520508,4.9554840195131185,1.0
11.03487710020087,5.013974234655859,1.0
-3.1232393023015432,1.9996495280925402,1.0
-0.6323378180380492,-1.8542124221049405,1.0
-9.385300269067928,-0.5532402037493155,1.0
11.463443004973549,4.054732769503307,1.0
1.8687257168898284,4.672015689745497,1.0
-0.7176398714442661,4.450647281619466,1.0
-7.184006584261637,-5.24976864284017,1.0
9.057426405591256,7.587999573627495,1.0
0.28566743643557096,-1.2477410192113159,1.0
11.895149381883835,2.876798376213668,1.0
9.47280611202234,7.181241944656599,1.0
-2.621438836969749,-7.783231829516482,1.0
-3.049632444512068,10.216059558438669,1.0
-1.8477636126669357,3.8317085572059995,1.0
10.02069468979888,-8.696738455510669,1.0
-1.5712040847138538,-7.991268954419419,1.0
-9.09941988089606,3.7491665475908187,1.0
-2.574235373285993,10.37453417025519,1.0
-6.545362894544371,-5.80930414148511,1.0
11.939253405789513,-4.958003178451791,1.0
6.108209621400243,-2.6095858625847153,1.0
-1.9839883271809449,10.59290471753155,1.0
12.288409098263633,1.5998470578673882,1.0
-2.88027615214545,-0.6168872507051408,1.0
10.484369866266812,5.859225746907132,1.0
-8.8881309205237,-2.4281895867718455,1.0
0.3715584267639428,4.713354609371443,1.0
-2.6290656089954605,-7.806469816450439,1.0
-9.013075663299785,-1.999003852798925,1.0
9.006403033584286,-9.904325004425715,1.0
12.452994018906942,0.35844301342250384,1.0
-2.778823789488467,-0.9524849443324324,1.0
11.29933643263723,4.299215773217009,1.0
9.642635317139494,6.919895829314575,1.0
-9.129749949759496,3.4997812996081725,1.0
-3.154782360877048,2.1039458076490383,1.0
10.792974755424504,-7.532606082217345,1.0
8.128203067907142,8.373030366690566,1.0
-3.182322150150966,1.9808792579893264,1.0
10.44704578143887,-8.031509505167373,1.0
-8.370871597618319,5.526975313624712,1.0
-2.861424794943792,2.735684816151565,1.0
7.299687634574246,9.038585526440418,1.0
-2.008970964050212,-1.6189189792846261,1.0
-0.5127499541915338,-1.834186828509141,1.0
2.6110062747331058,4.491635551736026,1.0
5.071840473126517,2.752245473718447,1.0
12.492917569237893,-2.6344225222246305,1.0
0.6587821705455427,4.737794150741711,1.0
-2.051172557349656,3.60734992015526,1.0
12.502761939011922,0.09024929524410924,1.0
-3.3307084808638434,0.36164940328292194,1.0
-5.684111777461021,8.714875799315116,1.0
-4.716773135844784,9.393132184129616,1.0
-8.091348866221617,6.033755322314805,1.0
5.364912132153657,2.2414676880810704,1.0
9.023541192010644,-9.89810240470531,1.0
12.003186309658139,-4.889809179124906,1.0
-8.798308560459784,4.5544295815452385,1.0
11.87852533115278,-5.01373264678041,1.0
-2.2508162390091613,3.4642878840502904,1.0
8.829570868779179,7.836125612707399,1.0
4.951639376458773,-5.054207813460727,1.0
9.941173916726406,-8.803444435659985,1.0
5.71525853112893,1.708388404659084,1.0
-7.45573448861153,6.921342370791925,1.0
-7.299276735915138,7.082457073388925,1.0
3.711301051873303,3.894729276908822,1.0
6.305081763829093,-1.228190732580144,1.0
10.953909097666035,5.01879960940675,1.0
-0.31195917514843186,10.941307473091397,1.0
-9.508792141834164,0.09942284012671988,1.0
-9.508361911919359,1.4840338952463372,1.0
1.7129723907106056,4.7259488481853555,1.0
4.9526830159367545,2.7490002172576258,1.0
-3.1896188940563626,1.9421162743319333,1.0
-6.786189068704221,7.666323562490996,1.0
12.561187411921964,-1.561461703007558,1.0
-5.389472490477058,8.90831226636642,1.0
-9.504276832173984,1.8083744820870817,1.0
12.448829023331172,0.1653795147593713,1.0
-6.1365885670083165,8.35507998525973,1.0
9.633829208587885,6.900769448100942,1.0
9.382192421133555,7.180333644449485,1.0
3.9353558959109947,-6.146547087682298,1.0
-7.426283395190354,6.983116909082691,1.0
-3.317875105394815,0.7663524323607485,1.0
12.591338361833207,-0.8308467339679833,1.0
5.592289185501757,-3.9667423674979294,1.0
-7.701675045006233,-4.522792946914526,1.0
-1.713452983065122,3.9645446653698606,1.0
-2.077871271587935,-7.8670332653617825,1.0
8.479818817251902,-10.413206772057277,1.0
11.866684077951975,3.121015183406677,1.0
8.20658670719078,8.322810981295335,1.0
12.50190408577771,-1.6422985967361983,1.0
12.53416478597586,0.2511933226906367,1.0
-2.0180596796119254,-7.869882129974992,1.0
3.1293670498261363,-6.688118273668342,1.0
-9.41936794883714,2.0482107189524643,1.0
12.100267533636634,-4.541517932780355,1.0
8.399553707210611,-10.514475491786877,1.0
-2.780110450258004,-7.812087744129595,1.0
0.27767625017334,-1.3521628094943388,1.0
-0.28443603016714275,10.899275170991594,1.0
6.042501504574164,-2.701282356327024,1.0
1.1716112915995442,10.962469292742268,1.0
6.31252590986871,-1.2092103726012717,1.0
2.9735635398881657,4.3767843609963695,1.0
-9.482823490803616,1.8210605679717233,1.0
12.53411904608366,-0.8779457428546258,1.0
6.166519401489826,0.27783020949072396,1.0
-4.217171544926451,-7.270606601644605,1.0
-8.613733135270166,-3.1487194170282473,1.0
9.666030495074985,-9.101680308048088,1.0
8.05628457457364,8.471700142066368,1.0
11.849948461824264,-5.161729487064164,1.0
6.350534713590709,-1.0142167298456994,1.0
-2.150397358548012,-1.4579114568491,1.0
11.962751578309518,2.675162057434894,1.0
-1.6170116107868455,10.655894599765169,1.0
11.851461474623791,-5.315880879403761,1.0
4.987058136342701,2.8372232952651903,1.0
-4.933707491178293,-6.967909802979082,1.0
3.384293790292517,10.739195622245356,1.0
-6.473024688861807,-5.9334759218238915,1.0
-5.663134267270619,-6.465211822055064,1.0
12.510096354139975,-1.4157989200348648,1.0
-4.509174959611392,9.49050500052148,1.0
-2.8596740233288616,10.351935438330571,1.0
12.542898788681745,-1.3317772550654228,1.0
4.739143169172811,10.35689266732638,1.0
6.181745881435332,-2.3219685188674513,1.0
11.828785818198178,-5.158805840476457,1.0
-9.540209148545179,1.142469913071039,1.0
-1.9620083916672988,10.65276791203114,1.0
-0.24006534051738862,10.886410201603566,1.0
-3.2138168497633406,0.005278888827699002,1.0
11.287724521875798,4.453193823226807,1.0
-8.935233607921388,-2.2738304531062172,1.0
0.06068984129283767,4.633656277227326,1.0
12.377873214087131,-3.1250672531892434,1.0
-2.3213901259349212,-1.2992696481380588,1.0
2.469471456323503,-7.137261536293863,1.0
5.747578418356067,-3.703665706754836,1.0
-9.448849795835171,0.15228349267066077,1.0
1.1073749619277655,10.988341834751957,1.0
-9.422454643178057,-0.42247234837815584,1.0
-8.946228425374422,-2.1912454403898742,1.0
6.30371772598784,-0.7958615570647457,1.0
-3.207148583697581,1.9420616397779555,1.0
-8.615075186882596,5.005036757741265,1.0
-2.9495395738166863,2.6167992089927754,1.0
5.7602117584077375,9.86223267524138,1.0
4.797276195714506,-5.247049092113293,1.0
12.35456339492822,1.343694447875416,1.0
3.125567523684358,4.241004417276031,1.0
10.18074654118571,6.321209095767574,1.0
10.404464240846965,6.000918365206425,1.0
-1.2920144085080567,10.755839940674038,1.0
4.577662823510961,10.342129922467597,1.0
3.1403858196017644,4.205288685271263,1.0
-0.5098538913928873,-7.97005457061543,1.0
4.451198870598785,3.2691974337905045,1.0
-9.441981796232758,2.135453865683546,1.0
-8.784493141211232,4.706813175802465,1.0
3.287909021341966,-6.615708570443114,1.0
0.36966571558196715,4.6992962297871355,1.0
-8.574010844428964,-3.1823719448110754,1.0
12.396034878821936,-3.151302493232108,1.0
-7.441292906970165,-4.854839172639596,1.0
9.96558533225676,-8.723830445872359,1.0
-7.936582273905137,6.313212026198715,1.0
5.234439049447082,10.09766109205239,1.0
6.061057934413686,0.7003675331220971,1.0
-8.83333925662403,-2.5093461183983385,1.0
3.7955737202945414,-6.297169206414341,1.0
6.255567168652674,-1.7666783585132015,1.0
0.1668601243832189,-7.868854902876554,1.0
-9.38899843630562,-0.3833983116427714,1.0
-3.598315190315949,10.040627165725734,1.0
11.626240634483107,-5.853954830694582,1.0
6.145216887062789,0.2540343158253553,1.0
3.39449173233934,-6.572719289981034,1.0
10.314111244371519,6.029017604670833,1.0
4.24695488633621,3.510760693380139,1.0
-1.9799156732753813,3.6976648000158456,1.0
0.8017789163088825,-7.772773567953344,1.0
-2.1144113004219927,-7.905244204369233,1.0
-2.5025583246344336,-1.2375253657931187,1.0
-4.750912464392545,-7.084051025525962,1.0
0.5313003157780298,-7.793189303341288,1.0
10.83161388746736,5.187043772850127,1.0
10.107282458486214,-8.63955187056366,1.0
5.2182285690269365,-4.6576286018568585,1.0
12.287064798488762,1.521687777625733,1.0
-9.229115699346144,3.457847443180848,1.0
-1.3229958966229172,-7.986109886370185,1.0
11.989871930722272,-4.638962233953034,1.0
11.59284182008494,3.733402045430687,1.0
-9.478590460479046,0.6087954939466765,1.0
8.193979512439617,-10.733384926814983,1.0
8.240561704879422,8.23768466952854,1.0
5.364244356164629,2.2194608562363554,1.0
-1.7348619620528645,-7.906957419001355,1.0
10.661429341350672,-7.668786344329197,1.0
12.046435489213495,2.5627678981416864,1.0
-5.822883978008189,8.574203013326082,1.0
4.73078446707169,-5.305154892972793,1.0
-7.872678825966058,-4.309481596594342,1.0
6.343088020069919,-0.965070195564605,1.0
8.733801278711946,7.846825737403277,1.0
12.174186903895137,-4.0390505646249695,1.0
8.847056930749272,-10.082674926520365,1.0
-3.12552078338622,-0.2923311065363517,1.0
6.95290024395722,9.260247058940028,1.0
-9.34386438704038,-1.08173669000096,1.0
1.177180827001586,4.792323565866341,1.0
-2.027330781852845,-1.5598085670004713,1.0
12.477793261292407,0.6437144295057101,1.0
-4.852959190591548,9.25278123363669,1.0
3.6215089337352775,10.724313757868819,1.0
5.018721370672087,-4.968992977649007,1.0
-3.9623590874661683,-7.403368971653796,1.0
0.11859413089869317,4.738837301529177,1.0
-3.570266137308281,10.022298029296314,1.0
12.496374345849997,-0.22279226598472715,1.0
12.386033996729987,1.022171435435491,1.0
9.707952164168116,-9.217791656581472,1.0
12.56723210024682,-0.8670900716095339,1.0
10.979603896138773,-7.182962366112845,1.0
6.282156571237481,-0.6344317633344985,1.0
-1.9590443295278046,3.8203205711719286,1.0
6.10287120388545,0.4164711898112407,1.0
-4.0034531745096995,9.776403776455123,1.0
6.249566132978463,-0.5220940196629837,1.0
5.4178904497208515,2.1438688440080362,1.0
-8.418668094306785,-3.4682843155130363,1.0
3.297931723469943,10.757102564680142,1.0
3.606884412132056,-6.458001873340492,1.0
11.928396338833998,2.858950235804365,1.0
-2.8014333038926846,-0.7800496702943085,1.0
-2.6155024155635065,-7.784171745622124,1.0
7.3870220846490104,8.995252306014942,1.0
-2.5948807285034885,-7.819530511784964,1.0
6.306616511146094,-0.4448687418589242,1.0
-1.9410006296604752,3.71836413502817,1.0
8.718883872589503,7.903480645143425,1.0
-3.097934925554472,-0.2734769261036062,1.0
-5.02072470018501,-6.912840215240581,1.0
5.287180581869133,-4.528780257235819,1.0
6.249596263817071,-0.15141775255127687,1.0
-5.967427680206613,8.528384590551704,1.0
-9.491864869673364,-0.34715277038993964,1.0
5.114295898335577,2.6939685441508154,1.0
8.735822007457907,7.8419556285065495,1.0
7.065119552579201,9.12343756098488,1.0
-5.914236703438636,-6.327101856644299,1.0
-1.0400462213343222,4.337627533829175,1.0
8.26857000771131,-10.615645766986942,1.0
-8.480234231372346,5.24585678665571,1.0
3.761132704543886,10.59719372857223,1.0
-4.105495477563156,-7.344941578836429,1.0
-2.9827620140442703,-0.6128261011327995,1.0
7.779703759856727,-11.077254943817364,1.0
-1.5513333965085192,10.681597740838408,1.0
-1.50797823388177,10.71207715012157,1.0
9.108610718372795,7.52731295905524,1.0
2.8768714362011347,-6.854435307315335,1.0
-1.4877117191968634,4.121745504034484,1.0
12.23535784864211,1.7211868860880635,1.0
2.5784060754007796,-7.081553398401757,1.0
9.71600429161921,-9.095605623016878,1.0
12.546724193302515,-1.074986071225904,1.0
1.2696588923959349,11.02001739537169,1.0
6.002054986873423,-2.964443388521487,1.0
-9.521384472045957,0.005605483394280301,1.0
11.141407373785963,-6.87744159525043,1.0
-9.487645229917547,1.014122641195175,1.0
5.010727159345138,-4.9477185426847035,1.0
1.1448322718190642,11.033598337993446,1.0
-1.9730667767798176,3.696821333498236,1.0
-6.717449199487023,-5.709505019453433,1.0
11.172639270239353,4.605103395943727,1.0
12.073295563061299,2.489045111311134,1.0
11.848439164706393,3.0440393694085484,1.0
-1.4648337152577242,4.080567490380873,1.0
-0.2539989675745734,-7.881546972157796,1.0
0.09219297675800109,10.928733245256224,1.0
-3.4575231652194223,10.084920324349074,1.0
-5.674087771151672,8.782822448389627,1.0
2.9163208329815946,4.31231844597417,1.0
10.211158879491874,-8.400967951404054,1.0
11.79106872983548,3.1903878242002457,1.0
1.7154400639617648,-7.447655100019015,1.0
-0.8239962392070598,-1.8165693467248687,1.0
-1.4090071836390767,4.161128669848106,1.0
4.13379115627922,-6.035419965986547,1.0
12.21131151855275,-3.9581887509186826,1.0
5.243225948019639,10.163169197802166,1.0
-1.71709536128986,3.8815013854425433,1.0
-4.814770725178937,9.40719831127289,1.0
-8.104648683317098,-3.990283220617007,1.0
-8.668147102377949,-2.879397136017297,1.0
-9.23944478475078,3.488832667725785,1.0
1.8669660604417835,-7.381351641027884,1.0
6.256909965903194,-1.9131580392284018,1.0
11.755014096988367,-5.525099272907516,1.0
12.410750586738287,0.756518143578919,1.0
0.32692095017447476,10.966519978900934,1.0
-9.452601510966634,-0.29159122657578984,1.0
7.280703098521603,9.049913947258577,1.0
0.28998024187722,-1.2018736308794002,1.0
9.128471572948857,7.496081235479002,1.0
-2.6462990234978214,2.966715325101731,1.0
-9.350181006952413,-1.0176916349474903,1.0
6.9216120939695625,9.270699357461009,1.0
12.474163989999996,0.0791558890635433,1.0
-0.4941852272593768,-7.913566103561567,1.0
-0.1541361659631031,4.671394942198348,1.0
11.785811088472085,-5.4408573732751435,1.0
11.18141823239217,-6.842644949633368,1.0
-9.221380143856129,3.413953989178893,1.0
-7.915845183313536,6.344412720200676,1.0
11.559020234673264,3.721197393554977,1.0
-1.860384779418564,10.651741987740984,1.0
-0.4171106037194483,-7.9792076254643085,1.0
12.09747777827781,-4.472806910310892,1.0
-2.410312865414772,10.493175224238373,1.0
0.44754599819228946,-0.3575820924523215,1.0
7.788448862507561,8.638783827257182,1.0
9.885332018213585,-8.835806981814276,1.0
-0.05558167605178899,10.975181696425304,1.0
-3.303522595219717,0.6244534055270117,1.0
4.209232714600271,10.501948324610227,1.0
12.305467968337313,-3.4019772404359436,1.0
-8.652883550974327,-2.8847501108566815,1.0
12.533701240732084,-2.3990113248206035,1.0
6.349247948822074,-1.4099927586729077,1.0
-3.08595627945022,-0.4743643594239842,1.0
-7.338780211215281,7.143919448278482,1.0
-1.8691842264495468,10.640121910160968,1.0
-9.396518968199228,2.533792023655852,1.0
-6.080486113550809,-6.211388928318339,1.0
0.7619682421619676,4.81262634932926,1.0
10.747732985455784,-7.660181427287336,1.0
11.870226856140311,-5.233705967453785,1.0
-9.453743563983604,2.15670767210769,1.0
11.953112082303239,-4.877741285256481,1.0
10.599945813293134,-7.7820248438614446,1.0
-0.1581742864333802,10.953472316182598,1.0
5.83011974293596,1.2387309285623735,1.0
11.855964195532161,3.200906963523239,1.0
-4.132851456934384,9.670251402147366,1.0
-7.914058990408868,6.332532282363985,1.0
6.276991375917927,-0.9455775442894082,1.0
0.06367612806782796,-1.5514258670301904,1.0
5.992810196792498,1.012837912060222,1.0
4.00076295906458,-6.073734840450964,1.0
-3.233710121614015,10.168162129421479,1.0
-9.488894889757438,0.9428879570266814,1.0
11.847178373817073,3.1703748192813967,1.0
-2.917665748903223,2.592616171065593,1.0
-9.010378281047583,3.9579693717344213,1.0
11.618460610669114,-5.766085330179991,1.0
-9.273990622867682,3.1387023727148216,1.0
0.362842305169684,4.6861370958641215,1.0
9.38906985634494,7.290641480500626,1.0
5.550587330273977,1.9654381858617,1.0
4.028152148617329,3.7171396970816595,1.0
0.7888653699926531,-7.721705410484905,1.0
12.473546256184797,0.634058516296867,1.0
12.526476857155574,-1.0048636457773843,1.0
-9.028471539799515,-2.166250992589513,1.0
2.712854406128195,10.847123657236624,1.0
10.534998893714247,-7.931446501595772,1.0
6.9167334168313666,9.300688689237546,1.0
-1.8459871403257122,10.677132485518406,1.0
-8.771916873985406,4.7389954546987285,1.0
-6.352067726510419,-6.045305598106676,1.0
-7.205578963677759,-5.090947759413357,1.0
1.341400126269975,10.967546104055051,1.0
1.9703294686608852,-7.372115039773807,1.0
-8.501800307929633,5.263862854743255,1.0
11.109093629914746,4.8411189476270655,1.0
9.839671837493412,6.642796587183589,1.0
-9.550094797856895,1.1217324416948262,1.0
5.05909851027515,10.23360410975405,1.0
11.470966041850017,4.086558465513454,1.0
-0.039101784256281066,4.631575290251633,1.0
-8.631825311800442,4.914800801907943,1.0
-0.48397364260044684,10.851584438553127,1.0
7.494583547390999,8.85228899133317,1.0
0.7528561412489262,4.797052658321299,1.0
-3.212394396289275,1.7568246375523027,1.0
6.187670288648859,9.658246626272232,1.0
1.1159193343038338,-7.675162060885517,1.0
6.061450132915536,-2.756315367715627,1.0
-8.965785758871704,4.04847796118743,1.0
-6.660057573955339,7.817683037379337,1.0
6.118278776024565,0.7053528159152878,1.0
4.15536770240171,3.6377979329710213,1.0
-9.313222077610522,-1.236316316231652,1.0
9.914831692244784,-8.814872756460764,1.0
0.0025860612181009546,4.670304335919174,1.0
-2.938733752403185,-0.7019466293697572,1.0
-9.203627381144514,-1.4849174052848917,1.0
11.62328736518885,-5.695879321365761,1.0
-0.35146344645406313,10.908804142092576,1.0
0.18237953087446845,-1.464940196282212,1.0
-1.582984171149594,-7.907561976329515,1.0
6.288469055158522,-0.3766177497066023,1.0
7.596993930256207,-11.256557765619288,1.0
0.7346359082441146,11.034711997601436,1.0
3.0821961977488326,10.783009393277023,1.0
1.1102148122548876,-7.660673650909464,1.0
11.80899187486593,3.2031156314564058,1.0
-6.915351044806936,7.518273494062387,1.0
3.3437170469794997,-6.5813372497848555,1.0
9.176634825151048,7.413242612240825,1.0
-7.620713082751442,-4.724973902375103,1.0
11.643944263318408,-5.7457431075605045,1.0
-8.834623416161065,4.597484172524491,1.0
5.164216732012902,2.51297087604082,1.0
-0.9018438954514642,-7.949120503157774,1.0
-4.8020248998538175,-7.0883476236333065,1.0
0.03541740199396042,4.6639808255594595,1.0
1.481133517772486,11.02889731639196,1.0
12.380337026941149,1.1756931909312018,1.0
6.311839175224662,-1.2838258100288025,1.0
-3.2052826569156965,0.0974560928862552,1.0
5.4902721596394395,-4.0905663646593,1.0
3.8783320002371307,-6.22044141911529,1.0
-2.602246342463181,-7.856364671564711,1.0
5.925825240583594,9.764749250732029,1.0
11.607993933558802,3.670788524808718,1.0
-4.976061448585726,9.226426755643018,1.0
-9.510362636282808,0.22015606297392254,1.0
-8.096071355109562,5.957406806667892,1.0
-4.849141406180362,9.347808637524718,1.0
0.8021524281634327,4.786690060265226,1.0
8.459037827450116,8.119400768182118,1.0
-9.406911764931237,-0.2209323985126099,1.0
-0.31335997504176855,10.958657240784527,1.0
4.307269949593652,10.45892545767007,1.0
-0.9923177004294793,10.833093294446352,1.0
8.814666965590824,7.767560774142078,1.0
-3.863323521333795,-7.48694743098914,1.0
10.92884974539022,-7.323564177662098,1.0
2.791356013245467,10.796544185993074,1.0
4.980330086084106,-5.044931362270981,1.0
-9.417946051754639,2.205681987729926,1.0
3.02267108852037,10.761781001011354,1.0
-9.482733500372316,0.5984298657772129,1.0
-9.276977483495351,3.2170939705318795,1.0
-2.708500053679451,-1.0039721923535967,1.0
5.203156769420703,-4.730210680686066,1.0
11.760236429344369,-5.549783803297403,1.0
-3.145640692619146,-0.30842597694469687,1.0
5.690465290960795,1.7075920846478227,1.0
3.820746458051495,-6.265723961342455,1.0
11.248899712910951,4.505929502919437,1.0
-1.0539826120439177,10.78590647690238,1.0
10.403301881958132,-8.095418638207395,1.0
12.124434240511173,2.101736199895719,1.0
-4.4427368749507625,-7.167757139248733,1.0
-0.2208262678631929,-7.923986793547598,1.0
10.977122641137408,5.051011163834091,1.0
9.838697732946537,-8.934985563633438,1.0
3.0294483082214865,4.281618044400775,1.0
1.1583590994930606,4.709545368365236,1.0
11.360959166354178,4.151320523564847,1.0
-9.163193935252483,-1.803160449271796,1.0
-8.520584084296122,5.277126865383115,1.0
6.2323141757929434,9.666465617781373,1.0
-3.7117190023227917,-7.515370608989215,1.0
-0.8380844445814669,-1.9021277819758564,1.0
1.642923714823668,4.692619008835265,1.0
-4.353526821591018,9.643750916212825,1.0
-2.3944418308689435,-1.2694156164450952,1.0
-0.20587673352760785,-7.88865478396471,1.0
-8.703933618383655,4.836281571411997,1.0
11.209758240390098,4.610188201564451,1.0
6.26373053525411,-1.3245349988956634,1.0
2.0895940173970313,-7.3008054582316815,1.0
-0.1900202878240022,-1.7125427860820386,1.0
12.530028382561357,-2.4560315888621203,1.0
7.375767640393456,-11.393791593840472,1.0
12.336325241066447,-3.263543510024112,1.0
-4.052408152063106,9.825163263888173,1.0
12.176743727615081,-4.083763785415453,1.0
-6.378808866926246,8.156154528722265,1.0
9.653163917235299,-9.129679509117485,1.0
12.28603674772331,1.7082509732094011,1.0
9.765594725110173,-8.97687231498918,1.0
-9.471724730962553,2.053100270646246,1.0
6.236012335571183,-0.02314952525584086,1.0
-7.027987000793901,-5.318420532316987,1.0
12.41472837291201,-2.6772129965840783,1.0
3.2284550352616637,10.757848258618171,1.0
2.6885214108836344,10.851529717956609,1.0
8.393871351751017,-10.479005911334385,1.0
-0.33334551588115796,10.938976512324556,1.0
9.332241477217043,-9.593325292334166,1.0
3.2408865213181883,-6.7107178190281855,1.0
3.8311580461685604,10.637923607992574,1.0
-9.499089512854328,0.49495230070025753,1.0
6.332955561839042,-1.357421417091809,1.0
-7.320733135600376,7.04326133761721,1.0
11.339860246848295,4.398747129133631,1.0
-1.0546414618574451,4.329608595652544,1.0
-0.49508324086930877,-7.972722897080462,1.0
-5.852767374369032,8.558864696035556,1.0
-1.9842317575706576,3.758157787377047,1.0
8.035583971264861,-10.785376580580172,1.0
